.,,,,
,SMPS 재고,,2026. 6. 4,
,,,오전 9:00:00 최신화,
,,,,
,모델명,재고수량,예약수량,
,ADS 시리즈,재고수량,예약수량,
,ADS-15512,-,-,
,,,,
,APV 시리즈,재고수량,예약수량,
,APV-12-12,-,-,
,APV-12-24,-,-,
,,,,
,CSP 시리즈,재고수량,예약수량,
,CSP-3000-120,13,-,
,CSP-3000-250,-,-,
,CSP-3000-400,15,-,
,,,,
,DBU시리즈,재고수량,예약수량,
,DBU-3200-48,8,-,
,,,,
,DDR 시리즈,재고수량,예약수량,
,DDR-15G-3.3,-,-,
,DDR-15G-5,57,-,
,DDR-15G-12,386,-,ㅛㅕㅕㅑㅕㅛㅑㅛㅕㅑ
,DDR-15G-15,146,-,
,DDR-15G-24,125,-,ㅛㅕㅑㅛㅕㅑㅛㅕㅑ
,DDR-15L-5,136,-,
,DDR-15L-12,111,-,
,DDR-15L-24,160,-,
,DDR-30G-5,45,-,
,DDR-30G-12,80,-,
,DDR-30G-24,183,-,
,DDR-30L-5,59,-,
,DDR-30L-12,94,-,
,DDR-30L-24,155,-,
,DDR-60G-5,116,-,
,DDR-60G-12,70,-,
,DDR-60G-24,44,-,
,DDR-60L-5,59,-,
,DDR-60L-12,39,-,
,DDR-60L-15,60,-,
,DDR-60L-24,59,-,
,DDR-120A-12,-,-,
,DDR-120A-48,-,-,
,DDR-120B-12,45,25,
,DDR-120B-24,20,-,
,DDR-120C-12,15,-,
,DDR-120C-24,39,-,
,DDR-120C-48,16,-,
,DDR-120D-24,55,-,
,DDR-240B-24,31,-,
,DDR-240C-24,45,-,
,DDR-480B-24,18,-,
,DDR-480C-12,100,-,
,DDR-480C-24,17,-,
,,,,
,DPU 시리즈,재고수량,예약수량,
,DPU-3200-24,-,-,
,DPU-3200-48,-,-,
,,,,
,DUBW 시리즈,재고수량,예약수량,
,DPBW06F-15,4,-,
,,,,
,DUPN 시리즈,재고수량,예약수량,
,DPUN02L-15,202,-,
,,,,
,DRA시리즈,재고수량,예약수량,
,DRA-40-12,42,-,
,DRA-40-24,42,-,
,DRA-60-12,42,-,
,DRA-60-24,43,-,
,,,,
,DRC시리즈,재고수량,예약수량,
,DRC-180A,-,-,
,DRC-180B,-,-,
,,,,
,DRDN시리즈,재고수량,예약수량,
,DRDN20-24,120,60,
,DRDN40-12,25,-,
,DRDN40-24,20,-,
,,,,
,DUPS 시리즈,재고수량,예약수량,
,DUPS20,56,24,
,DUPS40,-,-,
,,,,
,EDR 시리즈,재고수량,예약수량,
,EDR-75-12,56,-,
,EDR-75-24,135,-,
,EDR-75-48,38,-,
,EDR-120-12,18,-,
,EDR-120-24,189,-,
,EDR-150-24,111,-,
,,,,
,ELG 시리즈,재고수량,예약수량,
,ELG-75-12A,16,-,
,ELG-75-24A-3Y,7,-,
,ELG-100-24A-3Y,25,-,
,ELG-100-36A-3Y,-,-,
,ELG-150-12A,15,-,
,ELG-150-12A-3Y,32,32,
,ELG-150-24A-3Y,21,-,
,ELG-150-36A-3Y,95,-,
,ELG-150-48A-3Y,16,-,
,ELG-200-12A,12,-,
,ELG-240-24A-3Y,343,100,
,ELG-240-36A-3Y,1,-,
,ELG-300-12A,16,-,
,ELG-300-24A,84,-,
,ELG-300-24A-3Y,18,-,
,ELG-200-24A-3Y,24,-,
,,,,
,EPP 시리즈,재고수량,예약수량,
,EPP-150-12,-,700,
,EPP-150-24,-,1000,
,EPP-200-12,-,300,
,EPP-200-24,-,500,
,EPP-200-27,-,500,
,EPP-300-12,2479,20,
,EPP-300-24,461,150,
,EPP-500-12,-,300,
,EPP-500-27,-,600,
,,,,
,EPS 시리즈,재고수량,예약수량,
,EPS-15-5,518,-,
,EPS-15-12,-,61,
,EPS-35-12,175,58,
,EPS-35-15,58,-,
,EPS-35-24,61,-,
,EPS-35-36,58,-,
,EPS-45-12,168,-,
,EPS-45-24,206,-,
,EPS-45-48,96,-,
,EPS-45S-12,80,-,
,EPS-65-12,1217,200,
,EPS-65-12-C,2,-,
,EPS-65-24,302,-,
,EPS-65-24-C,45,-,
,EPS-65-36,-,-,
,EPS-65-48,94,-,
,EPS-65S-5,10,-,
,EPS-65S-12,77,-,
,EPS-65S-15,899,1000,
,EPS-120-12,119,-,
,EPS-120-24,85,-,
,EPS-120-27,51,-,
,,,,
,ERDN 시리즈,재고수량,예약수량,
,ERDN20-24,38,-,
,ERDN40-24,45,-,
,,,,
,ERP 시리즈,재고수량,예약수량,
,ERP-350-12,-,-,
,,,,
,GSM 시리즈,재고수량,예약수량,
,GSM220B24-R7,-,-,
,,,,
,,,,
,GST 시리즈,재고수량,예약수량,
,GST280A24-C6P,8,-,
,GST360A24-C6P,16,-,
,GST360A36-C6P,6,-,
,GST360A48-C6P,5,-,
,GST60A12-P1J,-,80,
,GST60A24-P1J,150,50,
,GST160A24-R7B,-,-,
,,,,
,HDR 시리즈,재고수량,예약수량,
,HDR-15-5,257,-,
,HDR-15-12,438,-,
,HDR-15-15,150,-,
,HDR-15-24,277,-,
,HDR-30-5,288,-,
,HDR-30-12,5,-,
,HDR-30-15,116,-,
,HDR-30-24,120,20,
,HDR-30-48,382,-,
,HDR-60-5,72,-,
,HDR-60-12,-,-,
,HDR-60-15,121,-,
,HDR-60-24,-,150,
,HDR-60-48,180,-,
,HDR-100-12,22,-,
,HDR-100-15,75,-,
,HDR-100-24,133,49,
,HDR-100-48,140,-,
,HDR-150-12,221,-,
,HDR-150-15,53,-,
,HDR-150-24,100,100,
,HDR-150-48,32,-,
,,,,
,HBG 시리즈,재고수량,예약수량,
,HBG-100P-48A,-,-,
,,,,
,HEP 시리즈,재고수량,예약수량,
,HEP-480-24,-,-,
,HEP-480-24A,-,-,
,HEP-1000-24,3,-,
,,,,
,HLG 시리즈,재고수량,예약수량,
,HLG-40H-12,68,-,
,HLG-40H-24,32,-,
,HLG-60H-36A,18,-,
,HLG-80H-12,104,-,
,HLG-100H-20A,-,-,
,HLG-100H-24A,-,-,
,HLG-120H-12A,7,-,
,HLG-120H-15A,133,-,
,HLG-120H-48B,12,-,
,HLG-150H-24A,11,-,
,HLG-150H-30,261,163,
,HLG-150H-30A,264,-,
,HLG-150H-36A,10,-,
,HLG-150H-48B,12,-,
,HLG-185H-24,15,-,
,HLG-185H-24A,7,-,
,HLG-185H-36,33,-,
,HLG-185H-36A,24,-,
,HLG-185H-48B,-,-,
,HLG-240H-24A,32,-,
,HLG-240H-24AB,12,-,
,HLG-240H-36A,13,-,
,HLG-320H-24A,3,-,
,HLG-320H-24AB,8,-,
,HLG-320H-30A,-,-,
,HLG-480H-24A,7,-,
,HLG-600H-12A,2,-,
,HLG-600H-24A,25,-,
,HLG-600H-48A,56,50,
,HLG-600H-54AB,12,-,
,HLG-600H-54B,-,-,
,,,,
,HRP 시리즈,재고수량,예약수량,
,HRP-75-5,-,-,
,HRP-75-12,55,-,
,HRP-75-24,106,-,
,HRP-100-15,146,20,
,HRP-100-24,22,-,
,HRP-150-3.3,24,-,
,HRP-150-7.5,24,-,
,HRP-150-12,48,-,
,HRP-150-15,22,-,
,HRP-150-24,49,-,
,HRP-300-12,100,-,
,HRP-200-12,18,-,
,HRP-200-24,11,-,
,HRP-300-15,42,-,
,HRP-300-24,76,-,
,HRP-300N3-48,-,1,
,HRP-450-24,112,-,
,HRP-600-7.5,2,-,
,HRP-600-12,6,-,
,HRP-600-15,1,-,
,HRP-600-24,74,-,
,HRP-600-48,17,-,
,,,,
,HRPG 시리즈,재고수량,예약수량,
,HRPG-150-5,219,20,
,HRPG-1000-12,33,-,
,HRPG-1000-24,47,20,
,HRPG-1000-48,4,-,
,,,,
,HVGC 시리즈,재고수량,예약수량,
,HVG-100-20A,3,-,
,HVGC-650-U-AB,-,-,
,,,,
,IRM 시리즈,재고수량,예약수량,
,IRM-01-12,2109,-,
,IRM-02-5,209,49,
,IRM-02-15,-,-,
,IRM-03-5,1817,-,
,IRM-03-12,315,-,
,IRM-03-15,793,-,
,IRM-05-5,3,540,
,IRM-05-12,329,-,
,IRM-05-24,270,-,
,IRM-10-5,1608,-,
,IRM-10-12,540,-,
,IRM-10-15,150,-,
,IRM-10-24,430,-,
,IRM-15-5,190,-,
,IRM-15-12,173,-,
,IRM-15-24,240,-,
,IRM-20-5,383,-,
,IRM-20-12,240,-,
,IRM-20-15,190,-,
,IRM-20-24,1740,-,
,IRM-30-5,180,-,
,IRM-30-12,1025,1000,
,IRM-30-15,188,-,
,IRM-30-24,278,-,
,IRM-30-48,144,-,
,IRM-45-12,60,-,
,IRM-45-12ST,1548,1500,
,IRM-45-15,60,-,
,IRM-45-24,60,-,
,IRM-45-48,-,-,
,IRM-60-12,563,-,
,IRM-60-15,60,-,
,IRM-60-24,197,-,
,IRM-60-48,60,-,
,IRM-90-12,60,-,
,IRM-90-24,1000,1000,
,,,,
,LOP시리즈,재고수량,예약수량,
,LOP-200-12,283,30,
,LOP-200-15,146,72,
,LOP-200-24,100,-,
,LOP-200-48,28,-,
,LOP-300-12,145,88,
,LOP-300-24,420,380,
,LOP-300-36,36,-,
,LOP-300-48,16,-,
,LOP-400-12,330,250,
,LOP-400-24,33,-,
,LOP-500-12,186,-,
,LOP-500-24,148,-,
,LOP-600-12,248,200,
,LOP-600-24,99,120,
,LOP-600-48,265,-,
,,,,
,LPC시리즈,재고수량,예약수량,
,LPC-20-700,-,-,
,,,,
,LPH시리즈,재고수량,예약수량,
,LPH-18-24,31,-,
,,,,
,LRS시리즈,재고수량,예약수량,
,LRS-35-5,266,-,
,LRS-35-12,768,-,
,LRS-35-15,173,-,
,LRS-35-24,629,-,
,LRS-35-36,180,-,
,LRS-35-48,118,-,
,LRS-50-3.3,18,-,
,LRS-50-5,92,2,
,LRS-50-12,920,-,
,LRS-50-15,186,-,
,LRS-50-24,1588,-,
,LRS-50-36,93,-,
,LRS-50-48,114,-,
,LRS-75-5,278,-,
,LRS-75-12,989,-,
,LRS-75-15,135,-,
,LRS-75-36,67,-,
,LRS-75-48,10,-,
,LRS-75-24,1353,-,
,LRS-100-3.3,-,-,
,LRS-100-5,558,-,
,LRS-100-12,479,110,
,LRS-100-15,77,-,
,LRS-100-24,1687,-,
,LRS-100-36,455,-,
,LRS-100-48,318,-,
,LRS-150F-5,132,30,
,LRS-150F-12,14,-,
,LRS-150F-15,70,-,
,LRS-150F-24,436,-,
,LRS-150F-36,86,-,
,LRS-150F-48,18,-,
,LRS-150-12,764,-,
,LRS-150-15,64,-,
,LRS-150-24,1495,-,
,LRS-150-36,284,-,
,LRS-150-48,187,-,
,LRS-200-3.3,-,-,
,LRS-200-5,153,-,
,LRS-200-12,235,-,
,LRS-200-15,37,-,
,LRS-200-24,342,-,
,LRS-200-36,78,-,
,LRS-200-48,11,-,
,LRS-350-5,336,-,
,LRS-350-12,459,42,
,LRS-450-5,23,-,
,LRS-350-15,78,-,
,LRS-350-24,1288,-,
,LRS-350-36,309,-,
,LRS-350-48,736,-,
,LRS-450-12,23,-,
,LRS-450-15,13,-,
,LRS-450-24,152,-,
,LRS-450-36,24,-,
,LRS-450-48,37,-,
,LRS-600-5,72,-,
,LRS-600-12,9,-,
,LRS-600-15,9,-,
,LRS-600-27,238,106,
,LRS-600-24,666,132,
,LRS-600-36,170,-,
,LRS-600-48,66,-,
,LRS-1200-12,2,-,
,LRS-1200-24,5,60,
,LRS-1200-36,14,-,
,LRS-1200-48,60,20,
,,,,
,MDR 시리즈,재고수량,예약수량,
,MDR-10-5,238,-,
,MDR-10-12,239,-,
,MDR-10-15,71,-,
,MDR-10-24,153,-,
,MDR-20-5,160,-,
,MDR-20-12,59,-,
,MDR-20-15,21,-,
,MDR-20-24,153,-,
,MDR-40-5,165,-,
,MDR-40-12,189,-,
,MDR-40-24,280,-,
,MDR-40-48,42,-,
,MDR-60-5,116,-,
,MDR-60-12,25,-,
,MDR-60-24,513,-,
,MDR-60-48,42,-,
,MDR-100-12,76,-,
,MDR-100-24,271,-,
,MDR-100-48,28,-,
,,,,
,MDS20B 시리즈,재고수량,예약수량,
,MDS20B-24,-,-,
,,,,
,MFM 시리즈,재고수량,예약수량,
,MFM-05-5,220,-,
,MFM-05-12,70,540,
,MFM-15-15,190,-,
,MFM-20-12,289,-,
,MFM-30-5,134,-,
,,,,
,MSP 시리즈,재고수량,예약수량,
,MSP-100-12,148,10,
,MSP-100-15,14,-,
,MSP-100-24,32,-,
,MSP-200-24,16,-,
,MSP-200-48,12,-,
,MSP-300-12,32,-,
,MSP-300-24,168,-,
,MSP-300-36,33,-,
,MSP-450-24,20,-,
,MSP-450-48,15,-,
,MSP-600-36,6,-,
,MSP-1000-48,19,500,
,,,,
,NDR 시리즈,재고수량,예약수량,
,NDR-120-12,131,-,
,NDR-120-24,455,-,
,NDR-120-48,49,-,
,NDR-240-24,557,106,
,NDR-240-48,303,-,
,NDR-480-24,166,-,
,NDR-480-48,13,-,
,NDR-75-12,61,-,
,NDR-75-24,226,-,
,NDR-75-48,27,-,
,,,,
,NLDD 시리즈,재고수량,예약수량,
,NLDD-1400H,-,-,
,,,,
,NPB 시리즈,재고수량,예약수량,
,NPB-240-24TB,-,-,
,NPB-450-72,-,-,
,NPB-1700-48,-,-,
,,,,
,NPP시리즈,재고수량,예약수량,
,NPP-750-48,1,-,
,,,,
,NSP시리즈,재고수량,예약수량,
,NSP-100-12,33,-,
,NSP-100-24,45,-,
,NSP-150-12,26,-,
,NSP-150-24,30,-,
,NSP-1600-12,6,-,
,NSP-1600-24,6,-,
,NSP-200-12,16,-,
,NSP-200-24,23,-,
,NSP-1000-15,-,-,
,NSP-3200-24,1,-,
,NSP-3200-48,2,-,
,NSP-320-12,16,-,
,NSP-320-24,8,-,
,NSP-500-12,12,-,
,NSP-500-24,26,-,
,NSP-500-48,12,-,
,NSP-75-5,2,-,
,NSP-750-12,9,-,
,NSP-750-24,7,-,
,NSP-75-12,45,-,
,NSP-75-24,45,-,
,,,,
,,,,
,NTS 시리즈,재고수량,예약수량,
,NTS-400P-224,14,-,
,,,,
,PD 시리즈,재고수량,예약수량,
,PD-25A,73,-,
,PD-2505,50,50,
,PD-65A,-,-,
,,,,
,PSP 시리즈,재고수량,예약수량,
,PSP-600-24,-,45,
,,,,
,PT 시리즈,재고수량,예약수량,
,PT-45C,59,-,
,,,,
,RCP 시리즈,재고수량,예약수량,
,RCP-2000-48,-,-,
,,,,
,RD 시리즈,재고수량,예약수량,
,RD-125-1224,-,-,
,RD-125-2448,20,-,
,RD-35A,44,-,
,RD-35B,57,-,
,RD-50A,86,-,
,RD-50B,147,-,
,RD-65A,5,-,
,RD-65B,184,-,
,RD-85A,66,-,
,RD-85B,44,-,
,RD-125A,97,-,
,RD-125B,35,-,
,,,,
,RID 시리즈,재고수량,예약수량,
,RID-50B,-,5,
,RID-125-2405,-,-,
,,,,
,RKP 시리즈,재고수량,예약수량,
,RKP-1UT,-,-,
,,,,
,RPD 시리즈,재고수량,예약수량,
,RPD-60A,96,-,
,RPD-75A,13,-,
,,,,
,RPS 시리즈,재고수량,예약수량,
,RPS-30-12,-,-,
,RPS-45-5,-,-,
,RPS-60-5,125,-,
,RPS-60-12,171,300,
,RPS-60-24,153,-,
,RPS-65-5,594,-,
,RPS-65-12,84,-,
,RPS-65-24,189,50,
,RPS-75-5,580,200,
,RPS-75-12,63,-,
,RPS-75-15,-,-,
,RPS-75-24,47,-,
,RPS-75-48,61,-,
,RPS-120-12,153,-,
,RPS-120-12-C,22,-,
,RPS-120-15,122,266,
,RPS-120-24,112,-,
,RPS-120S-24,-,-,
,RPS-160-12,36,-,
,RPS-200-12,91,-,
,RPS-200-24-C,-,-,
,RPS-200-24,116,-,
,RPS-200-27,148,-,
,RPS-200-48,95,-,
,RPS-300-12,36,-,
,RPS-300-24,148,600,
,RPS-300-24-C,31,-,
,RPS-300-48,56,-,
,RPS-400-12,-,-,
,RPS-400-12-C,-,-,
,RPS-400-15,-,-,
,RPS-400-15-C,-,-,
,RPS-400-24,36,-,
,RPS-400-24-TF,-,-,
,RPS-500-48,-,-,
,,,,
,RPT 시리즈,재고수량,예약수량,
,RPT-60B,30,-,
,RPT-16D,,,
,,,,
,RQ 시리즈,재고수량,예약수량,
,RQ-50C,79,-,
,RQ-125B,-,-,
,,,,
,RS 시리즈,재고수량,예약수량,
,RS-15-3.3,99,-,
,RS-15-5,444,61,
,RS-15-12,80,-,
,RS-15-15,164,-,
,RS-15-24,529,300,
,RS-25-5,359,20,
,RS-25-12,278,39,
,RS-25-15,181,-,
,RS-25-24,598,-,
,RS-25-48,132,-,
,RS-35-12,91,-,
,RS-35-24,92,-,
,RS-50-5,57,-,
,RS-50-3.3,35,-,
,RS-50-12,-,-,
,RS-50-15,87,-,
,RS-50-24,106,-,
,RS-75-5,30,-,
,RS-75-12,70,-,
,RS-75-24,87,-,
,RS-100-12,60,-,
,RS-100-24,8,8,
,RS-100-48,24,-,
,RS-100-15,25,-,
,RS-150-5,31,-,
,RS-150-12,47,-,
,RS-150-24,402,-,
,RS-150-48,20,-,
,,,,
,RSD 시리즈,재고수량,예약수량,
,RSD-100D-24,24,-,
,RSD-150B-5,-,-,
,RSD-150B-24,15,-,
,RSD-150C-24,15,-,
,RSD-200B-12,21,-,
,RSD-200B-24,17,-,
,RSD-200C-12,-,-,
,RSD-200C-24,9,-,
,RSD-30G-12,56,-,
,RSD-60G-12,48,-,
,RSD-60H-12,60,-,
,RSDW20H-05,-,-,
,RSDW40H-12,-,-,
,,,,
,RSP 시리즈,재고수량,예약수량,
,RSP-75-5,20,-,
,RSP-75-12,55,-,
,RSP-75-24,97,3,
,RSP-100-5,32,-,
,RSP-100-12,46,-,
,RSP-100-15,30,-,
,RSP-100-24,142,-,
,RSP-150-12,21,-,
,RSP-150-15,31,55,
,RSP-150-24,284,-,
,RSP-200-12,234,80,
,RSP-200-13.5,-,-,
,RSP-200-24,180,-,
,RSP-200-48,18,100,
,RSP-320-5,169,80,
,RSP-320-7.5,33,48,
,RSP-320-12,66,-,
,RSP-320-13.5,-,-,
,RSP-320-15,191,60,
,RSP-320-24,403,24,
,RSP-320-27,61,-,
,RSP-320-48,58,-,
,RSP-500-12,43,3,
,RSP-500-15,13,-,
,RSP-500-24,256,35,
,RSP-500-27,62,-,
,RSP-500-48,57,6,
,RSP-750-12,164,-,
,RSP-750-15,17,-,
,RSP-750-24,138,60,
,RSP-750-27,127,-,
,RSP-750-48,78,-,
,RSP-1000-12,16,-,
,RSP-1000-15,16,-,
,RSP-1000-24,88,13,
,RSP-1000-27,21,-,
,RSP-1000-48,112,-,
,RSP-1600-24,45,-,
,RSP-1600-36,23,-,
,RSP-1600-48,18,-,
,RSP-1500-12,19,-,
,RSP-1500-24,39,4,
,RSP-1500-27,-,-,
,RSP-1500-48,5,-,
,RSP-2000-12,15,6,
,RSP-2000-24,65,8,
,RSP-2000-48,8,-,
,RSP-2400-12,14,6,
,RSP-2400-24,13,-,
,RSP-2400-48,24,-,
,RSP-3000-12,12,-,
,RSP-3000-24,3,3,
,RSP-3000-48,40,-,
,,,,
,RST 시리즈,재고수량,예약수량,
,RST-5000-24,-,-,
,RST-5000-48,-,-,
,,,,
,RT 시리즈,재고수량,예약수량,
,RT-50A,161,-,
,RT-50B,48,20,
,RT-50C,78,-,
,RT-65B,17,-,
,RT-65C,129,-,
,RT-65D,19,-,
,RT-85B,68,-,
,RT-85C,98,-,
,RT-125A,25,-,
,RT-125B,31,31,
,RT-125C,156,-,
,,,,
,SBTN 시리즈,재고수량,예약수량,
,SBTN01L-05N,-,-,
,SBTN01M-12N,-,-,
,,,,
,SCWN 시리즈,재고수량,예약수량,
,SCWN03B-05,100,-,
,,,,
,SKM 시리즈,재고수량,예약수량,
,SKM10B-05,100,-,
,SKMW40F-12,30,-,
,,,,
,SD 시리즈,재고수량,예약수량,
,SD-15A-05,30,-,
,SD-150B-12,-,-,
,SD-25B-12,14,-,
,SD-25B-24,9,-,
,SD-50B-12,23,-,
,SD-50B-24,15,-,
,SD-50C-5,-,-,
,SD-100A-24,35,35,
,SD-100C-24,-,-,
,SD-150C-24,18,-,
,SD-150B-24,10,-,
,SD-150C-12,-,-,
,SD-150D-24,167,-,
,SD-200C-12,10,-,
,SD-200C-24,7,-,
,SD-350B-24,10,-,
,SD-350B-48,11,-,
,SD-350C-24,12,-,
,SD-350C-48,9,-,
,SD-500L-24,2,-,
,SD-500L-48,3,-,
,SD-1000L-24,-,-,
,SD-1000L-48,11,2,
,,,,
,,,,
,SDR 시리즈,재고수량,예약수량,
,SDR-75-12,74,1,
,SDR-75-24,11,14,
,SDR-120-12,164,79,
,SDR-120-24,101,14,
,SDR-120-48,87,-,
,SDR-240-24,150,109,
,SDR-240-48,13,-,
,SDR-480-24,218,84,
,SDR-480-48,-,-,
,SDR-960-24,73,8,
,SDR-960-48,7,-,
,,,,
,SE 시리즈,재고수량,예약수량,
,SE-1000-12,33,-,
,SE-1000-24,131,65,
,SE-1000-48,40,-,
,SE-1500-5,2,-,
,SE-1500-12,57,-,
,SE-1500-24,24,8,
,SE-1500-48,2,-,
,,,,
,SLD 시리즈,재고수량,예약수량,
,SHP-10K-230,-,-,
,SHP-10K-380,-,-,
,,,,
,SLD 시리즈,재고수량,예약수량,
,SLD-150-24,-,-,
,,,,
,SMUN 시리즈,재고수량,예약수량,
,SMU02N-05N,9,30,
,,,,
,SPAN 시리즈,재고수량,예약수량,
,SPAN02A-15,-,-,
,,,,
,SPBW 시리즈,재고수량,예약수량,
,SPBW06F-03,-,-,
,SPBW06F-05,-,-,
,,,,
,SPRN 시리즈,재고수량,예약수량,
,SPRN01N-05,-,-,
,,,,
,SPUN 시리즈,재고수량,예약수량,
,SPU01L-05,-,39,
,SPUN02L-05,30,-,
,SPUN02L-15,60,-,
,SPUN02N-05,-,-,
,,,,
,SPV 시리즈,재고수량,예약수량,
,SPV-300-12,-,-,
,SPV-300-48,-,-,
,,,,
,SPWM 시리즈,재고수량,예약수량,
,SPWM-240-24,-,50,
,,,,
,TDR 시리즈,재고수량,예약수량,
,TDR-240-24,42,-,
,TDR-240-48,24,-,
,TDR-480-24,10,-,
,TDR-480-48,8,-,
,TDR-960-24,59,-,
,TDR-960-48,11,3,
,,,,
,UHP 시리즈,재고수량,예약수량,
,UHP-200-12,48,-,
,UHP-200-24,-,-,
,UHP-350-36,35,-,
,UHP-1500-48,13,1,
,UHP-350-24,26,-,
,UHP-500-48,-,-,
,UHP-600-12,,,
,,,,
,WDR 시리즈,재고수량,예약수량,
,WDR-60-5,77,-,
,WDR-60-12,8,-,
,WDR-60-24,246,-,
,WDR-60-48,27,-,
,WDR-120-12,80,20,
,WDR-120-24,89,-,
,WDR-120-48,20,-,
,WDR-240-24,73,-,
,WDR-240-48,60,-,
,WDR-480-24,12,-,
,WDR-480-48,7,-,
,,,,
,XDR 시리즈,재고수량,예약수량,
,XDR-75-12,48,-,
,XDR-75-24,48,-,
,XDR-75-36,48,-,
,XDR-75-48,48,-,
,XDR-75E-12,43,-,
,XDR-75E-24,47,-,
,XDR-75E-36,38,-,
,XDR-75E-48,96,-,
,XDR-120-12,40,-,
,XDR-120-24,34,-,
,XDR-120-36,40,-,
,XDR-120-48,40,-,
,XDR-120E-12,48,-,
,XDR-120E-24,282,-,
,XDR-120E-36,44,-,
,XDR-120E-48,48,-,
,XDR-150E-12,44,-,
,XDR-150E-24,43,-,
,XDR-150E-36,48,-,
,XDR-150E-48,41,-,
,XDR-240-12,28,-,
,XDR-240-24,6,-,
,XDR-240-36,32,-,
,XDR-240-48,32,-,
,XDR-240E-12,1,-,
,XDR-240E-24,101,-,
,XDR-240E-36,24,-,
,XDR-240E-48,628,300,
,XDR-480-12,24,-,
,XDR-480-24,11,-,
,XDR-480-36,24,-,
,XDR-480-48,24,-,
,XDR-480E-12,3,1,
,XDR-480E-24,257,69,
,XDR-480E-36,14,-,
,XDR-480E-48,38,-,
,XDR-960-12,-,-,
,XDR-960-24,66,21,
,XDR-960-36,12,-,
,XDR-960-48,10,-,
,XDR-960E-24,33,-,
,XDR-960E-36,12,-,
,XDR-960E-48,13,-,
,,,,
,XLG 시리즈,재고수량,예약수량,
,XLG-25-A,115,-,
,XLG-25-AB,24,-,
,XLG-50-A,52,-,
,XLG-50-AB,48,-,
,XLG-75-24-A,85,-,
,XLG-75-H-A,45,-,
,XLG-75-L-A,64,-,
,XLG-100-H-A,48,-,
,XLG-150-H-A,16,-,
,XLG-100-L-AB,116,-,
,XLG-100-12-A,39,-,
,XLG-100-24-A,18,-,
,XLG-150-24-A,10,-,
,XLG-150-H-AB,2,-,
,XLG-150-L-AB,29,-,
,XLG-200-H-A,32,-,
,XLG-200-H-AB,16,-,
,XLG-200-12-A,32,-,
,XLG-200-24-A,31,-,
,XLG-240-H-AB,15,-,
,XLG-240-M-AB,61,-,
,XLG-320-M-AB,16,-,
,XLG-320-V-A,45,-,
,,,,
,XTR 시리즈,재고수량,예약수량,
,XTR-240-12,24,-,
,XTR-240-24,24,-,
,XTR-240-36,24,-,
,XTR-240-48,24,-,
,XTR-480-12,16,-,
,XTR-480-24,6,-,
,XTR-480-36,16,-,
,XTR-480-48,15,-,
,XTR-960-24,8,-,
,XTR-960-36,6,-,
,XTR-960-48,9,-,
,,,,
,,,,
,기타 자재,,,
,일자형 브라켓,9999,,
,기역자형 브라켓,9999,,
,TBC-05 (단자커버),9999,,
,TBC-07 (단자커버),9999,,
,TBC-09 (단자커버),9999,,
,,,,
,,,,
,,84735,16782,