"Model","Watt(W)","Sources","DistinctPDFs","Note"
"0.06A/230VAC","84","3","3","multiple watt values detected across PDFs"
"0.1A/115VAC","84","3","3","multiple watt values detected across PDFs"
"0.4A/100-240VAC","84","3","3","multiple watt values detected across PDFs"
"01U","1","1","1",""
"0E","960","2","2","multiple watt values detected across PDFs"
"1.25CUFT","450","7","7","multiple watt values detected across PDFs"
"1.34CUFT","450","7","7","multiple watt values detected across PDFs"
"1.74CUFT","450","7","7","multiple watt values detected across PDFs"
"1.8KG(TYP.)","450","7","7","multiple watt values detected across PDFs"
"10.4A/24V","201.6","1","1",""
"10.6A/24V","200.4","1","1",""
"10.8A/24V","170","1","1",""
"1000UF","15","1","1",""
"1000W","1000","2","2","multiple watt values detected across PDFs"
"100W","100","4","4","multiple watt values detected across PDFs"
"1050B","37.8","1","1",""
"10W","10","1","1",""
"11.8KG","450","7","7","multiple watt values detected across PDFs"
"1200W","1200","4","4","multiple watt values detected across PDFs"
"120W","120","7","7","multiple watt values detected across PDFs"
"12W","12","1","1",""
"1400W","1400","1","1",""
"14KG","450","7","7","multiple watt values detected across PDFs"
"150W","150","3","3","multiple watt values detected across PDFs"
"155KG","2","3","3","multiple watt values detected across PDFs"
"15885(PART","150","63","63","multiple watt values detected across PDFs"
"15A(PEAK","205","1","1",""
"15W","15","3","3","multiple watt values detected across PDFs"
"16.7A)","250.6","1","1",""
"160W","160","6","6","multiple watt values detected across PDFs"
"16KG","2","3","3","multiple watt values detected across PDFs"
"16W","16","2","2","multiple watt values detected across PDFs"
"17290.5K","46.2","1","1",""
"176-280VDC","75","2","2","multiple watt values detected across PDFs"
"19KG","450","7","7","multiple watt values detected across PDFs"
"1RWH","2000","2","2","multiple watt values detected across PDFs"
"1W","1","3","3","multiple watt values detected across PDFs"
"2.16KG(TYP.)","450","7","7","multiple watt values detected across PDFs"
"2/SEC","60","3","3","multiple watt values detected across PDFs"
"2/SEC13)","150","60","60","multiple watt values detected across PDFs"
"2005+A2","200","1","1",""
"200W","200","4","4","multiple watt values detected across PDFs"
"20A)","250.6","1","1",""
"20MM","20","1","1",""
"20W","20","7","7","multiple watt values detected across PDFs"
"220W","220","2","2","multiple watt values detected across PDFs"
"23CUFT","2","3","3","multiple watt values detected across PDFs"
"240W","240","9","9","multiple watt values detected across PDFs"
"25W","25","2","2","multiple watt values detected across PDFs"
"26.4W","26.4","2","2","multiple watt values detected across PDFs"
"2700UF","9.9","1","1",""
"2G","0.15","4","4","multiple watt values detected across PDFs"
"2-IN-1","450","1","1",""
"2W","2","4","4","multiple watt values detected across PDFs"
"300W","300","2","2","multiple watt values detected across PDFs"
"30W","30","1","1",""
"315W","315","3","3","multiple watt values detected across PDFs"
"33W","33","2","2","multiple watt values detected across PDFs"
"350B","37.8","1","1",""
"35W","35","2","2","multiple watt values detected across PDFs"
"3DUDPHWHU","2000","1","1",""
"3KG(TYP.)","450","7","7","multiple watt values detected across PDFs"
"3W","3","3","3","multiple watt values detected across PDFs"
"40.5W","40.5","2","2","multiple watt values detected across PDFs"
"40W","40","10","10","multiple watt values detected across PDFs"
"45.1W","45.1","2","2","multiple watt values detected across PDFs"
"45.6W","45.6","2","2","multiple watt values detected across PDFs"
"450W","450","1","1",""
"45W","45","2","2","multiple watt values detected across PDFs"
"4KVAC","0.1","3","3","multiple watt values detected across PDFs"
"5.2A/48V","200.4","1","1",""
"5.4A/48V","200","1","1",""
"500W","500","1","1",""
"50W","50","5","5","multiple watt values detected across PDFs"
"57.6V)","1000","1","1",""
"5A/48V","201.6","1","1",""
"5G","0.15","4","4","multiple watt values detected across PDFs"
"5V/1.5A","100","1","1",""
"5V/3A","100","1","1",""
"6.7A/48V","201.6","1","1",""
"60W","60","13","13","multiple watt values detected across PDFs"
"65.1W","65.1","2","2","multiple watt values detected across PDFs"
"65.3W","65.3","2","2","multiple watt values detected across PDFs"
"650W","650","5","5","multiple watt values detected across PDFs"
"65W","65","2","2","multiple watt values detected across PDFs"
"6PCS","450","7","7","multiple watt values detected across PDFs"
"6W","6","7","7","multiple watt values detected across PDFs"
"6WDQGDUG","1000","1","1",""
"700B","37.8","1","1",""
"750W","750","1","1",""
"75W","75","1","1",""
"7HVW","2000","2","2","multiple watt values detected across PDFs"
"80PCS/13","2","3","3","multiple watt values detected across PDFs"
"84PCS/14KG/0","2","3","3","multiple watt values detected across PDFs"
"8KG/1","2","3","3","multiple watt values detected across PDFs"
"8W","8","1","1",""
"9.4A(PEAK","251.8","1","1",""
"90W","90","7","7","multiple watt values detected across PDFs"
"91CUFT","2","3","3","multiple watt values detected across PDFs"
"9W","9","1","1",""
"A1","100","1","1",""
"A2","100","1","1",""
"AD-155A","151.55","1","1",""
"AD-155B","151.55","1","1",""
"AD-155C","156.5","1","1",""
"AD-55A","51.38","1","1",""
"AD-55B","53.92","1","1",""
"ADD-155A","152.75","1","1",""
"ADD-155B","152.75","1","1",""
"ADD-155C","149.9","1","1",""
"ADD-55A","52.58","1","1",""
"ADD-55B","55.12","1","1",""
"ADS-15512","153","1","1",""
"ADS-15524","154.2","1","1",""
"ADS-15548","154.2","1","1",""
"ADS-5512","51","1","1",""
"ADS-5524","58","1","1",""
"APC-12-350","12.6","1","1",""
"APC-12-700","12.6","1","1",""
"APC-16-350","16.8","1","1",""
"APC-16-700","16.8","1","1",""
"APC-25-1050","25.2","1","1",""
"APC-25-350","24.5","1","1",""
"APC-25-500","25.2","1","1",""
"APC-35-1050","34.7","1","1",""
"APC-35-350","35","1","1",""
"APC-35-500","35","1","1",""
"APV-12-12","12","1","1",""
"APV-12-15","12","1","1",""
"APV-12-24","12","1","1",""
"APV-12-5","10","1","1",""
"APV-16-12","15","1","1",""
"APV-16-15","15","1","1",""
"APV-16-24","16.08","1","1",""
"APV-16-5","13","1","1",""
"APV-25-5","17.5","1","1",""
"APV-35-5","25","1","1",""
"AS/NZS60335-1/2-29","240","1","1",""
"AS/NZS61558-1/-2-16","360","1","1",""
"AS/NZS62368.1","120","4","4","multiple watt values detected across PDFs"
"AS/NZS62368-1","150","4","4","multiple watt values detected across PDFs"
"C1","100","1","1",""
"C2","100","1","1",""
"C22.2","1720","1","1",""
"CNS15598-1","18","15","15","multiple watt values detected across PDFs"
"CSP-3000","3000","1","1",""
"DA2(Q)-TYPE","75","2","2","multiple watt values detected across PDFs"
"DALI-2","315","7","7","multiple watt values detected across PDFs"
"DAP-04","0.5","1","1",""
"DCW08A-05","8","1","1",""
"DCW08A-12","8","1","1",""
"DCW08A-15","8","1","1",""
"DCW08B-05","8","1","1",""
"DCW08B-12","8","1","1",""
"DCW08B-15","8","1","1",""
"DCW08C-05","8","1","1",""
"DCW08C-12","8","1","1",""
"DCW08C-15","8","1","1",""
"DCW08W8","8","1","1",""
"DCW12A-05","12","1","1",""
"DCW12A-12","12","1","1",""
"DCW12A-15","12","1","1",""
"DCW12B-05","12","1","1",""
"DCW12B-12","12","1","1",""
"DCW12B-15","12","1","1",""
"DCW12C-05","12","1","1",""
"DCW12C-12","12","1","1",""
"DCW12C-15","12","1","1",""
"DCW12W8","12","1","1",""
"DCW20W8","20","1","1",""
"DCWN03","3","1","1",""
"DCWN03W8","3","1","1",""
"DCWN06","6","1","1",""
"DCWN06W8","6","1","1",""
"DDR-15G-24","11.6","1","1",""
"DDR-30","30","1","1",""
"DDR-480B-12","400.8","1","1",""
"DDR-480B-24","480","1","1",""
"DDR-480B-48","480","1","1",""
"DDR-480C-12","400.8","1","1",""
"DDR-480C-24","480","1","1",""
"DDR-480C-48","480","1","1",""
"DDR-480D-12","400.8","1","1",""
"DDR-480D-24","480","1","1",""
"DDR-480D-48","480","1","1",""
"DDR-60","54","1","1",""
"DDRH-120","100.8","1","1",""
"DDRH-15-XXP","15","3","3","multiple watt values detected across PDFs"
"DDRH-15-XXST","15","3","3","multiple watt values detected across PDFs"
"DDRH-240","200.4","1","1",""
"DDRH-30-XXP","30","3","3","multiple watt values detected across PDFs"
"DDRH-30-XXST","30","3","3","multiple watt values detected across PDFs"
"DDRH-45-XXP","45","3","3","multiple watt values detected across PDFs"
"DDRH-45-XXST","45","3","3","multiple watt values detected across PDFs"
"DDRH-60-24","50","1","1",""
"DETN01","1","1","1",""
"DETN01-N","1","1","1",""
"DETN02","2","1","1",""
"DETN02-N","2","1","1",""
"DKA15A-05","15","1","1",""
"DKA15A-12","15","1","1",""
"DKA15A-15","15","1","1",""
"DKA15B-05","15","1","1",""
"DKA15B-12","15","1","1",""
"DKA15B-15","15","1","1",""
"DKA15C-05","15","1","1",""
"DKA15C-12","15","1","1",""
"DKA15C-15","15","1","1",""
"DKA30A-05","25","1","1",""
"DKA30B-05","30","1","1",""
"DKA30C-05","30","1","1",""
"DKE10A-","10","1","1",""
"DKE10B-","10","1","1",""
"DKE10C-","10","1","1",""
"DKE15A-","15","1","1",""
"DKE15B-","15","1","1",""
"DKE15C-","15","1","1",""
"DKM10","10","1","1",""
"DKMW15","15","1","1",""
"DKMW20","20","1","1",""
"DKMW30","30","1","1",""
"DKMW40","40","1","1",""
"DLC-02","7.68","2","2","multiple watt values detected across PDFs"
"DLC-02-KN","7.68","1","1",""
"DLC03","3","1","1",""
"DLW05A-05","5","1","1",""
"DLW05A-12","5","1","1",""
"DLW05A-15","5","1","1",""
"DLW05B-05","5","1","1",""
"DLW05B-12","5","1","1",""
"DLW05B-15","5","1","1",""
"DLW05C-05","5","1","1",""
"DLW05C-12","5","1","1",""
"DLW05C-15","5","1","1",""
"DPA01W8","1","1","1",""
"DPAN02","2","1","1",""
"DPAN02W8","2","1","1",""
"DPB09","9","1","1",""
"DPB09W8","9","1","1",""
"DPBW03","3","1","1",""
"DPBW03W8","3","1","1",""
"DPBW06","6","1","1",""
"DPBW06W8","6","1","1",""
"DPRN01","1","1","1",""
"DPU01","1","1","1",""
"DRA-40-12","40.08","1","1",""
"DRA-40-24","40.8","1","1",""
"DRA-60-12","60","1","1",""
"DRA-60-24","60","1","1",""
"DRC-100A","96.6","1","1",""
"DRC-100B","96.6","1","1",""
"DRC-180A","179.4","1","1",""
"DRC-180B","179.4","1","1",""
"DRC-40A","40.02","1","1",""
"DRC-40B","40.02","1","1",""
"DRC-60A","59.34","1","1",""
"DRC-60B","59.34","1","1",""
"DRDN20","1.5","1","1",""
"DRDN40","1.5","1","1",""
"EDR-120","120","1","1",""
"EDR-150","156","1","1",""
"EDR-75","75.6","1","1",""
"ELP-75-15","75","1","1",""
"ELP-75-3.3","49.5","1","1",""
"ELP-75-48","76.8","1","1",""
"ELP-75-5","75","1","1",""
"EN/EN60601","0.1","1","1",""
"EN/EN60601-1/-1-11","36","3","3","multiple watt values detected across PDFs"
"EN/EN61347-1","37.8","1","1",""
"EN/EN61347-2-13","37.8","1","1",""
"EN/EN61558","60","1","1",""
"EN/EN61800-5-1","350","8","8","multiple watt values detected across PDFs"
"EN/EN62368-1","3200","62","62","multiple watt values detected across PDFs"
"EN/EN62384","37.8","1","1",""
"EN60601","0.1","1","1",""
"EN60601-1/-1-11","36","3","3","multiple watt values detected across PDFs"
"EN62368-1","3200","12","12","multiple watt values detected across PDFs"
"ENC-120","115.2","1","1",""
"ENC-180","172.8","1","1",""
"ENC-240","230.4","1","1",""
"ENC-360","345.6","1","1",""
"ENP-120","120","1","1",""
"ENP-180","180","1","1",""
"ENP-240","240","1","1",""
"ENP-360","360","1","1",""
"EPP-100-12","75.6","1","1",""
"EPP-100-15","75","1","1",""
"EPP-100-24","76.8","1","1",""
"EPP-100-27","75.6","1","1",""
"EPP-100-48","76.8","1","1",""
"EPP-120S","120","1","1",""
"EPP-150-12","100.8","1","1",""
"EPP-150-15","100.5","1","1",""
"EPP-150-24","100.8","1","1",""
"EPP-150-27","100.17","1","1",""
"EPP-150-48","100.8","1","1",""
"EPP-200","200.4","1","1",""
"EPP-300","200","1","1",""
"EPP-400-24","400.8","1","1",""
"EPP-400-36","403.2","1","1",""
"EPP-500","500","1","1",""
"EPS-120","120","1","1",""
"EPS-15-15","15","1","1",""
"EPS-15-3.3","9.9","1","1",""
"EPS-15-48","15.02","1","1",""
"EPS-15-5","15","1","1",""
"EPS-15-7.5","15","1","1",""
"EPS-25-15","25.5","1","1",""
"EPS-25-3.3","16.5","1","1",""
"EPS-25-48","25.44","1","1",""
"EPS-25-5","25","1","1",""
"EPS-25-7.5","25.5","1","1",""
"EPS-35-15","36","1","1",""
"EPS-35-3.3","19.8","1","1",""
"EPS-35-48","36","1","1",""
"EPS-35-5","30","1","1",""
"EPS-35-7.5","35.25","1","1",""
"EPS-45-15","45","1","1",""
"EPS-45-3.3","26.4","1","1",""
"EPS-45-48","48","1","1",""
"EPS-45-5","40","1","1",""
"EPS-45-7.5","40.5","1","1",""
"EPS-65-15","65.1","1","1",""
"EPS-65-3.3","36.3","1","1",""
"EPS-65-48","65.28","1","1",""
"EPS-65-5","55","1","1",""
"EPS-65-7.5","60","1","1",""
"ERDN40","1.5","1","1",""
"ERG-5000(H)","6000","1","1",""
"ERP-200-12","200.4","1","1",""
"ERP-200-24","199.92","1","1",""
"ERP-350","320.4","1","1",""
"ERPF-400","360","1","1",""
"ES60601-1","140","1","1",""
"ES60601-1/-1-11","36","6","6","multiple watt values detected across PDFs"
"ES60601-1-11","45","6","6","multiple watt values detected across PDFs"
"GB4943.1","18","26","26","multiple watt values detected across PDFs"
"GC120AXX-R7B","102","1","1",""
"GC160AXX-R7B","136","1","1",""
"GC220AXX-R7B","183.6","1","1",""
"GC30B-0P1J","16.8","1","1",""
"GC30B-11P1J","21.6","1","1",""
"GC30B-1P1J","22.38","1","1",""
"GC30B-2P1J","25.2","1","1",""
"GC30B-4P1J","30","1","1",""
"GC30B-5P1J","27","1","1",""
"GC30B-6P1J","30","1","1",""
"GC30E-0P1J","16.8","1","1",""
"GC30E-11P1J","21.6","1","1",""
"GC30E-1P1J","22.38","1","1",""
"GC30E-2P1J","25.2","1","1",""
"GC30E-4P1J","30","1","1",""
"GC30E-5P1J","27","1","1",""
"GC30E-6P1J","30","1","1",""
"GC30U-0P1J","16.8","1","1",""
"GC30U-11P1J","21.6","1","1",""
"GC30U-1P1J","22.38","1","1",""
"GC30U-2P1J","25.2","1","1",""
"GC30U-4P1J","30","1","1",""
"GC30U-5P1J","27","1","1",""
"GC30U-6P1J","30","1","1",""
"GC330","326.4","1","1",""
"GP25A","28.5","1","1",""
"GP25B","28.5","1","1",""
"GP50A","46.5","1","1",""
"HDR-100-12","0.3","1","1",""
"HDR-100-12N","0.3","1","1",""
"HDR-100-15N","0.3","1","1",""
"HDR-100-24","0.3","1","1",""
"HDR-100-24N","0.3","1","1",""
"HDR-100-48","0.3","1","1",""
"HDR-100-48N","0.3","1","1",""
"HDR-15","12","1","1",""
"HDR-150","150","1","1",""
"HDR-30","15","1","1",""
"HDR-60","54","1","1",""
"HEP-1000","1000","1","1",""
"HLN-40H-12","40","1","1",""
"HLN-40H-15","40","1","1",""
"HLN-40H-20","40","1","1",""
"HLN-40H-24","40.1","1","1",""
"HLN-40H-30","40.2","1","1",""
"HLN-40H-36","40.3","1","1",""
"HLN-40H-42","40.5","1","1",""
"HLN-60H-15","60","1","1",""
"HLN-60H-20","60","1","1",""
"HLN-60H-24","60","1","1",""
"HLN-60H-30","60","1","1",""
"HLN-60H-36","62.4","1","1",""
"HLN-60H-42","62.1","1","1",""
"HLN-80H-12","60","1","1",""
"HLN-80H-15","75","1","1",""
"HLN-80H-20","80","1","1",""
"HLN-80H-24","81.6","1","1",""
"HLN-80H-30","81","1","1",""
"HLN-80H-36","81.6","1","1",""
"HLN-80H-42","81","1","1",""
"HLP-60H-15","60","1","1",""
"HLP-60H-20","60","1","1",""
"HLP-60H-24","60","1","1",""
"HLP-60H-30","60","1","1",""
"HLP-60H-36","62.4","1","1",""
"HLP-60H-42","62.1","1","1",""
"HLP-80H-12","60","1","1",""
"HLP-80H-15","75","1","1",""
"HLP-80H-20","80","1","1",""
"HLP-80H-24","81.6","1","1",""
"HLP-80H-30","81","1","1",""
"HLP-80H-36","81.6","1","1",""
"HLP-80H-42","81","1","1",""
"HRP-100-12","102","1","1",""
"HRP-100-15","105","1","1",""
"HRP-100-24","108","1","1",""
"HRP-100-3.3","66","1","1",""
"HRP-100-36","104.4","1","1",""
"HRP-100-48","105.6","1","1",""
"HRP-100-5","85","1","1",""
"HRP-100-7.5","101.3","1","1",""
"HRP-150-12","156","1","1",""
"HRP-150-15","150","1","1",""
"HRP-150-24","156","1","1",""
"HRP-150-3.3","99","1","1",""
"HRP-150-36","154.8","1","1",""
"HRP-150-48","158.4","1","1",""
"HRP-150-5","130","1","1",""
"HRP-150-7.5","150","1","1",""
"HRP-150N3-36","156","1","1",""
"HRP-200-12","200.4","1","1",""
"HRP-200-15","201","1","1",""
"HRP-200-24","201.6","1","1",""
"HRP-200-3.3","132","1","1",""
"HRP-200-36","205.2","1","1",""
"HRP-200-48","206.4","1","1",""
"HRP-200-5","175","1","1",""
"HRP-200-7.5","200.3","1","1",""
"HRP-300-12","324","1","1",""
"HRP-300-15","330","1","1",""
"HRP-300-24","336","1","1",""
"HRP-300-3.3","198","1","1",""
"HRP-300-36","324","1","1",""
"HRP-300-48","336","1","1",""
"HRP-300-5","300","1","1",""
"HRP-300-7.5","300","1","1",""
"HRP-300N3","324","1","1",""
"HRP-450-12","450","1","1",""
"HRP-450-15","450","1","1",""
"HRP-450-24","451.2","1","1",""
"HRP-450-3.3","297","1","1",""
"HRP-450-36","450","1","1",""
"HRP-450-48","456","1","1",""
"HRP-450-5","450","1","1",""
"HRP-450-7.5","450","1","1",""
"HRP-600-12","636","1","1",""
"HRP-600-15","645","1","1",""
"HRP-600-24","648","1","1",""
"HRP-600-3.3","396","1","1",""
"HRP-600-36","630","1","1",""
"HRP-600-48","624","1","1",""
"HRP-600-5","600","1","1",""
"HRP-600-7.5","600","1","1",""
"HRP-600N3","636","1","1",""
"HRP-75-12","75.6","1","1",""
"HRP-75-15","75","1","1",""
"HRP-75-24","76.8","1","1",""
"HRP-75-3.3","49.5","1","1",""
"HRP-75-36","75.6","1","1",""
"HRP-75-48","76.8","1","1",""
"HRP-75-5","75","1","1",""
"HRP-75-7.5","75","1","1",""
"HRPG-1000N3","960","1","1",""
"HRPG-150-12","156","1","1",""
"HRPG-150-15","150","1","1",""
"HRPG-150-24","156","1","1",""
"HRPG-150-3.3","99","1","1",""
"HRPG-150-36","154.8","1","1",""
"HRPG-150-48","158.4","1","1",""
"HRPG-150-5","130","1","1",""
"HRPG-150-7.5","150","1","1",""
"HRPG-200-12","200.4","1","1",""
"HRPG-200-15","201","1","1",""
"HRPG-200-24","201.6","1","1",""
"HRPG-200-3.3","132","1","1",""
"HRPG-200-36","205.2","1","1",""
"HRPG-200-48","206.4","1","1",""
"HRPG-200-5","175","1","1",""
"HRPG-200-7.5","200.3","1","1",""
"HRPG-300-12","324","1","1",""
"HRPG-300-15","330","1","1",""
"HRPG-300-24","336","1","1",""
"HRPG-300-3.3","198","1","1",""
"HRPG-300-36","324","1","1",""
"HRPG-300-48","336","1","1",""
"HRPG-300-5","300","1","1",""
"HRPG-300-7.5","300","1","1",""
"HRPG-450-12","450","1","1",""
"HRPG-450-15","450","1","1",""
"HRPG-450-24","451.2","1","1",""
"HRPG-450-3.3","297","1","1",""
"HRPG-450-36","450","1","1",""
"HRPG-450-48","456","1","1",""
"HRPG-450-5","450","1","1",""
"HRPG-450-7.5","450","1","1",""
"HRPG-600-12","636","1","1",""
"HRPG-600-15","645","1","1",""
"HRPG-600-24","648","1","1",""
"HRPG-600-3.3","396","1","1",""
"HRPG-600-36","630","1","1",""
"HRPG-600-48","624","1","1",""
"HRPG-600-5","600","1","1",""
"HRPG-600-7.5","600","1","1",""
"HSP-200-5","200","1","1",""
"HSP-300-5","300","1","1",""
"ICL-16L","1.5","1","1",""
"ICL-16R","1.5","1","1",""
"IEC60601-1/-1-11","36","9","9","multiple watt values detected across PDFs"
"IEC61800-5-1","350","8","8","multiple watt values detected across PDFs"
"IEC62368-1","3200","79","79","multiple watt values detected across PDFs"
"IOB-05-03","3.3","1","1",""
"IOB-05-05","5","1","1",""
"IOB-05-09","5.04","1","1",""
"IOB-05-12","5.04","1","1",""
"IOB-05-15","5.1","1","1",""
"IOB-05-24","5.04","1","1",""
"IOB-15-03","9.9","1","1",""
"IOB-15-05","14","1","1",""
"IOB-15-09","15","1","1",""
"IOB-15-12","15","1","1",""
"IOB-15-15","15","1","1",""
"IOB-15-24","15","1","1",""
"IP42","37.8","1","1",""
"IP65","150","42","42","multiple watt values detected across PDFs"
"IP67","150","36","36","multiple watt values detected across PDFs"
"IP68","240","6","6","multiple watt values detected across PDFs"
"IRM-01","0.075","1","1",""
"IRM-02","0.075","1","1",""
"IRM-03","0.075","1","1",""
"IRM-05-12","5.04","1","1",""
"IRM-05-15","4.95","1","1",""
"IRM-05-24","5.52","1","1",""
"IRM-05-3.3","4.125","1","1",""
"IRM-05-5","5","1","1",""
"IRM-10-12","10.2","1","1",""
"IRM-10-15","10.05","1","1",""
"IRM-10-24","10.08","1","1",""
"IRM-10-3.3","8.25","1","1",""
"IRM-10-5","10","1","1",""
"IRM-15","11.55","1","1",""
"IRM-20","14.85","1","1",""
"IRM-90","0.3","1","1",""
"IS13252","18","18","18","multiple watt values detected across PDFs"
"IS15885(FOR","37.8","1","1",""
"ISI-501","500","1","1",""
"J62368-1","12","6","6","multiple watt values detected across PDFs"
"K60950-1","280","1","1",""
"KAA-4R4V-S","4","1","1",""
"KAA-8R-10S","8","1","1",""
"KAA-8R-S","8","1","1",""
"KC62368-1","45","7","7","multiple watt values detected across PDFs"
"KNX-20E-640","19.2","1","1",""
"KNX-40E-1280","38.4","1","1",""
"KSC-01L","1","1","1",""
"KSR-01IP","1","1","1",""
"LCM-40TW","40","1","1",""
"LDDS-1000HW","45","1","1",""
"LDDS-250HW","45","1","1",""
"LDDS-300HW","45","1","1",""
"LDDS-350HW","45","1","1",""
"LDDS-500HW","45","1","1",""
"LDDS-700HW","45","1","1",""
"LDH-25","25.2","1","1",""
"LDH-45","45.15","1","1",""
"LDH-45(DA)","45.15","1","1",""
"LDH-65","56","1","1",""
"LOP-300","300","1","1",""
"LOP-500","500","1","1",""
"LPC-100-1050","100.1","1","1",""
"LPC-100-1400","100.1","1","1",""
"LPC-100-1750","100.1","1","1",""
"LPC-100-2100","100.1","1","1",""
"LPC-100-350","100.1","1","1",""
"LPC-100-500","100.1","1","1",""
"LPC-100-700","100.1","1","1",""
"LPC-150-1050","151.2","1","1",""
"LPC-150-1400","151.2","1","1",""
"LPC-150-2450","151.9","1","1",""
"LPC-150-3150","151.2","1","1",""
"LPC-20-350","16.8","1","1",""
"LPC-20-700","21","1","1",""
"LPC-35-1050","31.5","1","1",""
"LPC-35-1400","33.6","1","1",""
"LPC-35-700","33.6","1","1",""
"LPC-60-1050","50.4","1","1",""
"LPC-60-1400","58.8","1","1",""
"LPC-60-1750","59.5","1","1",""
"LPH-18-12","18","1","1",""
"LPH-18-24","18","1","1",""
"LPH-18-36","18","1","1",""
"LPHC-18-350","16.8","1","1",""
"LPHC-18-700","17.5","1","1",""
"LPP-100-12","102","1","1",""
"LPP-100-13.5","101.25","1","1",""
"LPP-100-15","100.5","1","1",""
"LPP-100-24","100.8","1","1",""
"LPP-100-27","102.6","1","1",""
"LPP-100-3.3","66","1","1",""
"LPP-100-48","100.8","1","1",""
"LPP-100-5","100","1","1",""
"LPP-100-7.5","101.25","1","1",""
"LPP-150-12","150","1","1",""
"LPP-150-13.5","151.2","1","1",""
"LPP-150-15","150","1","1",""
"LPP-150-24","151.2","1","1",""
"LPP-150-27","151.2","1","1",""
"LPP-150-3.3","99","1","1",""
"LPP-150-48","153.6","1","1",""
"LPP-150-5","150","1","1",""
"LPP-150-7.5","150","1","1",""
"LPS-100-12","100.8","1","1",""
"LPS-100-13.5","101.25","1","1",""
"LPS-100-15","100.5","1","1",""
"LPS-100-24","100.8","1","1",""
"LPS-100-27","102.6","1","1",""
"LPS-100-3.3","66","1","1",""
"LPS-100-48","100.8","1","1",""
"LPS-100-5","100","1","1",""
"LPS-100-7.5","99.75","1","1",""
"LPS-50-12","50.4","1","1",""
"LPS-50-15","51","1","1",""
"LPS-50-24","50.4","1","1",""
"LPS-50-3.3","33","1","1",""
"LPS-50-48","52.8","1","1",""
"LPS-50-5","50","1","1",""
"LPS-75-12","74.4","1","1",""
"LPS-75-15","75","1","1",""
"LPS-75-24","76.8","1","1",""
"LPS-75-3.3","49.5","1","1",""
"LPS-75-48","75","1","1",""
"LPS-75-5","75","1","1",""
"LPV-100-12","102","1","1",""
"LPV-100-15","100.5","1","1",""
"LPV-100-24","100.8","1","1",""
"LPV-100-36","100.8","1","1",""
"LPV-100-48","100.8","1","1",""
"LPV-100-5","60","1","1",""
"LPV-20-12","20","1","1",""
"LPV-20-15","20","1","1",""
"LPV-20-24","20.2","1","1",""
"LPV-20-5","15","1","1",""
"LPV-35-12","36","1","1",""
"LPV-35-15","36","1","1",""
"LPV-35-24","36","1","1",""
"LPV-35-36","36","1","1",""
"LPV-35-5","30","1","1",""
"LPV-60-12","60","1","1",""
"LPV-60-15","60","1","1",""
"LPV-60-24","60","1","1",""
"LPV-60-36","60","1","1",""
"LPV-60-48","60","1","1",""
"LPV-60-5","40","1","1",""
"LRS-1200","1104","1","1",""
"LRS-200-4.2","168","1","1",""
"LRS-200-5","200","1","1",""
"LRS-200N2","200","1","1",""
"LRS-350-4.2","198","1","1",""
"LRS-350-5","349.2","1","1",""
"LRS-350N2","200","1","1",""
"LRS-35-12","36","1","1",""
"LRS-35-15","38.4","1","1",""
"LRS-35-5","35","1","1",""
"LRS-50-12","51","1","1",""
"LRS-50-15","52.8","1","1",""
"LRS-50-3.3","33","1","1",""
"LRS-50-5","50","1","1",""
"LSP-160","200","1","1",""
"MDD01-N","1","1","1",""
"MDD02-N","2","1","1",""
"MDD03","3","1","1",""
"MDD06","6","1","1",""
"MDR-10","10","1","1",""
"MDR-100","90","1","1",""
"MDR-20","15","1","1",""
"MDR-40","30","1","1",""
"MDR-60","50","1","1",""
"MDS01-N","1","2","2","multiple watt values detected across PDFs"
"MDS02-N","2","2","2","multiple watt values detected across PDFs"
"MDS03","3","2","2","multiple watt values detected across PDFs"
"MDS06","6","2","2","multiple watt values detected across PDFs"
"MFM-05","4.1","1","1",""
"MFM-10","8.3","1","1",""
"MFM-15","11.6","1","1",""
"MFM-20-12","21","1","1",""
"MFM-20-15","21.6","1","1",""
"MFM-20-3.3","20","1","1",""
"MFM-20-5","21.6","1","1",""
"MFM-30-12","30","1","1",""
"MFM-30-15","30","1","1",""
"MFM-30-24","31.2","1","1",""
"MFM-30-3.3","19.8","1","1",""
"MFM-30-48","30.2","1","1",""
"MFM-30-5","30","1","1",""
"MHB100-24S05","100","1","1",""
"MHB100-24S12","100","1","1",""
"MHB100-24S24","100","1","1",""
"MHB100-48S05","100","1","1",""
"MHB100-48S12","100","1","1",""
"MHB100-48S24","100","1","1",""
"MHB150-48S05","150","1","1",""
"MHB150-48S12","150","1","1",""
"MHB150-48S24","150","1","1",""
"MHB75-12S05","75","1","1",""
"MHB75-12S12","75","1","1",""
"MHB75-12S24","75","1","1",""
"MHB75-24S05","75","1","1",""
"MHB75-24S12","75","1","1",""
"MHB75-24S24","75","1","1",""
"MHB75-48S05","75","1","1",""
"MHB75-48S12","75","1","1",""
"MHB75-48S24","75","1","1",""
"MPM-05","4.1","1","1",""
"MPM-10","8.3","1","1",""
"MPM-15","11.6","1","1",""
"MPM-20-12","21","1","1",""
"MPM-20-15","21.6","1","1",""
"MPM-20-3.3","20","1","1",""
"MPM-20-5","21.6","1","1",""
"MSP-1000","960","1","1",""
"MSP-100-12","102","1","1",""
"MSP-100-15","105","1","1",""
"MSP-100-24","108","1","1",""
"MSP-100-3.3","66","1","1",""
"MSP-100-36","104.4","1","1",""
"MSP-100-48","105.6","1","1",""
"MSP-100-5","85","1","1",""
"MSP-100-7.5","101.3","1","1",""
"MSP-1600","1600","1","1",""
"MSP-200-12","200.4","1","1",""
"MSP-200-15","201","1","1",""
"MSP-200-24","201.6","1","1",""
"MSP-200-3.3","132","1","1",""
"MSP-200-36","205.2","1","1",""
"MSP-200-48","206.4","1","1",""
"MSP-200-5","175","1","1",""
"MSP-200-7.5","200.3","1","1",""
"MSP-300-12","324","1","1",""
"MSP-300-15","330","1","1",""
"MSP-300-24","336","1","1",""
"MSP-300-3.3","198","1","1",""
"MSP-300-36","324","1","1",""
"MSP-300-48","336","1","1",""
"MSP-300-5","300","1","1",""
"MSP-300-7.5","300","1","1",""
"MSP-450-12","450","1","1",""
"MSP-450-15","450","1","1",""
"MSP-450-24","451.2","1","1",""
"MSP-450-3.3","297","1","1",""
"MSP-450-36","450","1","1",""
"MSP-450-48","456","1","1",""
"MSP-450-5","450","1","1",""
"MSP-450-7.5","450","1","1",""
"MSP-600-12","636","1","1",""
"MSP-600-15","645","1","1",""
"MSP-600-24","648","1","1",""
"MSP-600-3.3","396","1","1",""
"MSP-600-36","630","1","1",""
"MSP-600-48","624","1","1",""
"MSP-600-5","600","1","1",""
"MSP-600-7.5","600","1","1",""
"N78-2","2","1","1",""
"NDR-240","240","1","1",""
"NEL-400-4.2","224","1","1",""
"NHDD-40","35","1","1",""
"NID100-12","90","1","1",""
"NID100-15","97.5","1","1",""
"NID100-24","100.8","1","1",""
"NID100-5","55","1","1",""
"NID35-12","34.8","1","1",""
"NID35-15","36","1","1",""
"NID35-24","36","1","1",""
"NID35-5","17.5","1","1",""
"NID65-12","58.8","1","1",""
"NID65-15","64.5","1","1",""
"NID65-24","64.8","1","1",""
"NID65-5","32.5","1","1",""
"NO.62368-1","1685","1","1",""
"NOTE.8)","600","1","1",""
"NPB-450","420","1","1",""
"NPF-120D-12","120","1","1",""
"NPF-120D-15","120","1","1",""
"NPF-120D-20","120","1","1",""
"NPF-120D-24","120","1","1",""
"NPF-120D-30","120","1","1",""
"NPF-120D-36","120","1","1",""
"NPF-120D-42","124.2","1","1",""
"NPF-40D-12","40.08","1","1",""
"NPF-40D-15","40.08","1","1",""
"NPF-40D-20","40","1","1",""
"NPF-40D-24","40.08","1","1",""
"NPF-40D-30","40.2","1","1",""
"NPF-40D-36","40.32","1","1",""
"NPF-40D-42","41.04","1","1",""
"NPF-60D-12","60","1","1",""
"NPF-60D-15","60","1","1",""
"NPF-60D-20","60","1","1",""
"NPF-60D-24","60","1","1",""
"NPF-60D-30","60","1","1",""
"NPF-60D-36","60","1","1",""
"NPF-60D-42","60.48","1","1",""
"NPF-90D-12","90","1","1",""
"NPF-90D-15","90","1","1",""
"NPF-90D-20","90","1","1",""
"NPF-90D-24","90","1","1",""
"NPF-90D-30","90","1","1",""
"NPF-90D-36","90.24","1","1",""
"NPF-90D-42","90.18","1","1",""
"NSD05-12S12","5.04","1","1",""
"NSD05-12S15","4.95","1","1",""
"NSD05-12S3","3.96","1","1",""
"NSD05-12S5","5","1","1",""
"NSD05-48S12","5.04","1","1",""
"NSD05-48S15","4.95","1","1",""
"NSD05-48S3","3.96","1","1",""
"NSD05-48S5","5","1","1",""
"NSD10-12D12","10.08","1","1",""
"NSD10-12D15","9.9","1","1",""
"NSD10-12D5","10","1","1",""
"NSD10-12S12","9.96","1","1",""
"NSD10-12S15","10.05","1","1",""
"NSD10-12S3","8.25","1","1",""
"NSD10-12S5","10","1","1",""
"NSD10-12S9","9.9","1","1",""
"NSD10-48D12","10.08","1","1",""
"NSD10-48D15","9.9","1","1",""
"NSD10-48D5","10","1","1",""
"NSD10-48S12","9.96","1","1",""
"NSD10-48S15","10.05","1","1",""
"NSD10-48S3","8.25","1","1",""
"NSD10-48S5","10","1","1",""
"NSD10-48S9","9.9","1","1",""
"NSD15-12D12","14.88","1","1",""
"NSD15-12D15","15","1","1",""
"NSD15-12D5","15","1","1",""
"NSD15-12S12","15","1","1",""
"NSD15-12S15","15","1","1",""
"NSD15-12S3","12.375","1","1",""
"NSD15-12S5","15","1","1",""
"NSD15-48D12","14.88","1","1",""
"NSD15-48D15","15","1","1",""
"NSD15-48D5","15","1","1",""
"NSD15-48S12","15","1","1",""
"NSD15-48S15","15","1","1",""
"NSD15-48S3","12.375","1","1",""
"NSD15-48S5","15","1","1",""
"NSP-100","100","1","1",""
"NSP-150","150","1","1",""
"NSP-200","200","1","1",""
"NSP-320","320","1","1",""
"NSP-500","500","1","1",""
"NSP-75","75","1","1",""
"NTS-250P","250","1","1",""
"NTS-300-112","300","1","1",""
"NTS-300-124","300","1","1",""
"NTS-300-148","300","1","1",""
"NTS-300-212","300","1","1",""
"NTS-300-224","300","1","1",""
"NTS-300-248","300","1","1",""
"NTS-400P","400","1","1",""
"NTS-450-112","450","1","1",""
"NTS-450-124","450","1","1",""
"NTS-450-148","450","1","1",""
"NTS-450-212","450","1","1",""
"NTS-450-224","450","1","1",""
"NTS-450-248","450","1","1",""
"OWA-120E-12","115.2","1","1",""
"OWA-120E-15","120","1","1",""
"OWA-120E-20","120","1","1",""
"OWA-120E-24","120","1","1",""
"OWA-120E-30","120","1","1",""
"OWA-120E-36","122.4","1","1",""
"OWA-120E-42","121.8","1","1",""
"OWA-120E-48","120","1","1",""
"OWA-120E-54","124.2","1","1",""
"OWA-120U-12","120","1","1",""
"OWA-120U-15","120","1","1",""
"OWA-120U-20","120","1","1",""
"OWA-120U-24","120","1","1",""
"OWA-120U-30","120","1","1",""
"OWA-120U-36","122.4","1","1",""
"OWA-120U-42","121.8","1","1",""
"OWA-120U-48","120","1","1",""
"OWA-120U-54","124.2","1","1",""
"OWA-200E-12","180","1","1",""
"OWA-200E-20","200","1","1",""
"OWA-200E-24","199","1","1",""
"OWA-200E-36","199","1","1",""
"OWA-200E-42","199","1","1",""
"OWA-200E-48","200","1","1",""
"OWA-200E-54","200","1","1",""
"OWA-200U-12","180","1","1",""
"OWA-200U-20","200","1","1",""
"OWA-200U-24","199","1","1",""
"OWA-200U-36","199","1","1",""
"OWA-200U-42","199","1","1",""
"OWA-200U-48","200","1","1",""
"OWA-200U-54","200","1","1",""
"OWA-60E-12","60","1","1",""
"OWA-60E-15","60","1","1",""
"OWA-60E-20","60","1","1",""
"OWA-60E-24","60","1","1",""
"OWA-60E-30","60","1","1",""
"OWA-60E-36","60.12","1","1",""
"OWA-60E-42","63","1","1",""
"OWA-60E-48","60","1","1",""
"OWA-60E-54","60.48","1","1",""
"OWA-60U-12","60","1","1",""
"OWA-60U-15","60","1","1",""
"OWA-60U-20","60","1","1",""
"OWA-60U-24","60","1","1",""
"OWA-60U-30","60","1","1",""
"OWA-60U-36","60.12","1","1",""
"OWA-60U-42","63","1","1",""
"OWA-60U-48","60","1","1",""
"OWA-60U-54","60.48","1","1",""
"OWA-90E-12","90","1","1",""
"OWA-90E-15","90","1","1",""
"OWA-90E-20","90","1","1",""
"OWA-90E-24","90","1","1",""
"OWA-90E-30","90","1","1",""
"OWA-90E-36","90","1","1",""
"OWA-90E-42","90.3","1","1",""
"OWA-90E-48","90.24","1","1",""
"OWA-90E-54","90.18","1","1",""
"OWA-90U-12","90","1","1",""
"OWA-90U-15","90","1","1",""
"OWA-90U-20","90","1","1",""
"OWA-90U-24","90","1","1",""
"OWA-90U-30","90","1","1",""
"OWA-90U-36","90","1","1",""
"OWA-90U-42","90.3","1","1",""
"OWA-90U-48","90.24","1","1",""
"OWA-90U-54","90.18","1","1",""
"P1J","0.1","1","1",""
"PCD-16-1050","16.8","1","1",""
"PCD-16-1400","16.8","1","1",""
"PCD-16-350","16.8","1","1",""
"PCD-16-700","16.8","1","1",""
"PCD-25-1050","25.2","1","1",""
"PCD-25-1400","25.2","1","1",""
"PCD-25-350","20.3","1","1",""
"PCD-25-700","25.2","1","1",""
"PCD-40-350B","37.8","1","1",""
"PCD-60-1050B","59.85","1","1",""
"PCD-60-1400B","60.2","1","1",""
"PCD-60-1750B","59.5","1","1",""
"PCD-60-2000B","60","1","1",""
"PCD-60-2400B","60","1","1",""
"PCD-60-500B","54","1","1",""
"PCD-60-700B","60.2","1","1",""
"PD-25","24.9","1","1",""
"PD-45","40","1","1",""
"PD-65","61.1","1","1",""
"PHP-3500","3500","1","1",""
"PLC-100-12","60","1","1",""
"PLC-100-15","75","1","1",""
"PLC-100-20","96","1","1",""
"PLC-100-24","96","1","1",""
"PLC-100-27","95.85","1","1",""
"PLC-100-36","95.4","1","1",""
"PLC-100-48","96","1","1",""
"PLC-30-12","30","1","1",""
"PLC-30-15","30","1","1",""
"PLC-30-20","30","1","1",""
"PLC-30-24","30","1","1",""
"PLC-30-27","30.24","1","1",""
"PLC-30-36","30.24","1","1",""
"PLC-30-48","30.24","1","1",""
"PLC-30-9","29.7","1","1",""
"PLC-45-12","45.6","1","1",""
"PLC-45-15","45","1","1",""
"PLC-45-20","46","1","1",""
"PLC-45-24","45.6","1","1",""
"PLC-45-27","45.9","1","1",""
"PLC-45-36","45","1","1",""
"PLC-45-48","45.6","1","1",""
"PLC-60-12","60","1","1",""
"PLC-60-15","60","1","1",""
"PLC-60-20","60","1","1",""
"PLC-60-24","60","1","1",""
"PLC-60-27","62.1","1","1",""
"PLC-60-36","61.2","1","1",""
"PLC-60-48","62.4","1","1",""
"PLD-25-1050","25.2","1","1",""
"PLD-25-1400","25.2","1","1",""
"PLD-25-350","20.3","1","1",""
"PLD-25-700","25.2","1","1",""
"PLD-60-1050B","59.85","1","1",""
"PLD-60-1400B","60.2","1","1",""
"PLD-60-1750B","59.5","1","1",""
"PLD-60-2000B","60","1","1",""
"PLD-60-2400B","60","1","1",""
"PLD-60-500B","54","1","1",""
"PLD-60-700B","60.2","1","1",""
"PLM-12","12.6","1","1",""
"PLM-25","25.2","1","1",""
"PLN-100-12","60","1","1",""
"PLN-100-15","75","1","1",""
"PLN-100-20","96","1","1",""
"PLN-100-24","96","1","1",""
"PLN-100-27","95.85","1","1",""
"PLN-100-36","95.4","1","1",""
"PLN-100-48","96","1","1",""
"PLN-20-18","19.8","1","1",""
"PLN-20-36","19.8","1","1",""
"PLN-30-12","30","1","1",""
"PLN-30-15","30","1","1",""
"PLN-30-20","30","1","1",""
"PLN-30-24","30","1","1",""
"PLN-30-27","30.24","1","1",""
"PLN-30-36","30.24","1","1",""
"PLN-30-48","30.24","1","1",""
"PLN-30-9","29.7","1","1",""
"PLN-45-15","45","1","1",""
"PLN-45-20","46","1","1",""
"PLN-45-24","45.6","1","1",""
"PLN-45-27","45.9","1","1",""
"PLN-45-36","45","1","1",""
"PLN-45-48","45.6","1","1",""
"PLN-60-12","60","1","1",""
"PLN-60-15","60","1","1",""
"PLN-60-20","60","1","1",""
"PLN-60-24","60","1","1",""
"PLN-60-27","62.1","1","1",""
"PLN-60-36","61.2","1","1",""
"PLN-60-48","62.4","1","1",""
"PLP-30-12","30","1","1",""
"PLP-30-24","31.2","1","1",""
"PLP-30-48","30.24","1","1",""
"PLP-60-12","60","1","1",""
"PLP-60-24","60","1","1",""
"PLP-60-48","62.4","1","1",""
"POE(55V","500","2","2","multiple watt values detected across PDFs"
"PPT-125","79","1","1",""
"PSC-100A","100.05","1","1",""
"PSC-100B","100.74","1","1",""
"PSC-160A","160","1","1",""
"PSC-160B","160","1","1",""
"PSC-35A","35.88","1","1",""
"PSC-35B","35.88","1","1",""
"PSC-60A","59.34","1","1",""
"PSC-60B","59.34","1","1",""
"PSD-15","15","1","1",""
"PSD-30A-5","25","1","1",""
"PSD-30B-5","30","1","1",""
"PSD-30C-5","30","1","1",""
"PSD-45","30","1","1",""
"PSP-600-12","600","1","1",""
"PSP-600-13.5","600.75","1","1",""
"PSP-600-15","600","1","1",""
"PSP-600-24","600","1","1",""
"PSP-600-27","599.4","1","1",""
"PSP-600-48","600","1","1",""
"PSP-600-5","400","1","1",""
"PT-45","40.5","1","1",""
"PT-65","60","1","1",""
"PT-6503","61.8","1","1",""
"PWM-120-KN","120","1","1",""
"PWM-200KN","200","1","1",""
"PWM-60-KN","60","1","1",""
"QP-150-3A","146","1","1",""
"QP-150-3B","150.2","1","1",""
"QP-150-3C","152","1","1",""
"QP-320D","316","1","1",""
"QP-320F","316","1","1",""
"RD-125A","130.9","1","1",""
"RD-125B","133.4","1","1",""
"RD-3513","35.1","1","1",""
"RD-35A","32","1","1",""
"RD-35B","35","1","1",""
"RD-50A","54","1","1",""
"RD-50B","53.6","1","1",""
"RD-65A","66","1","1",""
"RD-65B","68","1","1",""
"RD-85A","88","1","1",""
"RD-85B","88","1","1",""
"RDDW08","8","1","1",""
"RDDW10","10","1","1",""
"RDDW20","20","1","1",""
"RDDW20UW","20","1","1",""
"RDDW40","40","1","1",""
"RDDW60","60","1","1",""
"RHP-1U","7500","1","1",""
"RHP-1U%20RACK%20SYSTEM","7500","1","1",""
"RID-125-1224","133.2","1","1",""
"RID-125-1248","138","1","1",""
"RID-125-2448","144","1","1",""
"RID-50A","54","1","1",""
"RID-50B","53.6","1","1",""
"RID-65A","66","1","1",""
"RID-65B","68","1","1",""
"RID-85A","88","1","1",""
"RID-85B","88","1","1",""
"RKP-CMU1","25","1","1",""
"RPD-60A","49","1","1",""
"RPD-60B","53.5","1","1",""
"RPD-65","60","1","1",""
"RPD-75A","71","1","1",""
"RPD-75B","73","1","1",""
"RPS-30","19.8","1","1",""
"RPS-300","0.5","3","3","multiple watt values detected across PDFs"
"RPS-300-C).","0.5","3","3","multiple watt values detected across PDFs"
"RPS-400","400.5","1","1",""
"RPS-60","60","1","1",""
"RPS-75-12","75.6","1","1",""
"RPS-75-15","75","1","1",""
"RPS-75-24","76.8","1","1",""
"RPS-75-3.3","49.5","1","1",""
"RPS-75-36","75.6","1","1",""
"RPS-75-48","76.8","1","1",""
"RPS-75-5","70","1","1",""
"RPT(G)-160","145","1","1",""
"RPT(G)-160-C","145","1","1",""
"RPT-60A","46.5","1","1",""
"RPT-60B","50","1","1",""
"RPT-60C","50","1","1",""
"RPT-65","62.5","1","1",""
"RPT-75A","68.5","1","1",""
"RPT-75B","72","1","1",""
"RPT-75C","72","1","1",""
"RQ-125B","120","2","2","multiple watt values detected across PDFs"
"RQ-125C","122.5","2","2","multiple watt values detected across PDFs"
"RQ-125D","124","2","2","multiple watt values detected across PDFs"
"RQ-50B","45.5","1","1",""
"RQ-50C","50","1","1",""
"RQ-50D","53.4","1","1",""
"RQ-65B","62.5","1","1",""
"RQ-65C","65","1","1",""
"RQ-65D","68","1","1",""
"RQ-85B","80.7","1","1",""
"RQ-85C","82.5","1","1",""
"RQ-85D","84","1","1",""
"RQB150W12","150","1","1",""
"RQB150W3","150","1","1",""
"RQB40W12","40","1","1",""
"RQB60W12","60","1","1",""
"RS-100-12","102","1","1",""
"RS-100-15","105","1","1",""
"RS-100-24","108","1","1",""
"RS-100-3.3","66","1","1",""
"RS-100-48","110.4","1","1",""
"RS-100-5","80","1","1",""
"RS-150-12","150","1","1",""
"RS-150-15","150","1","1",""
"RS-150-24","156","1","1",""
"RS-150-3.3","99","1","1",""
"RS-150-48","158.4","1","1",""
"RS-150-5","130","1","1",""
"RS-15-12","15.6","2","2","multiple watt values detected across PDFs"
"RS-15-15","15","2","2","multiple watt values detected across PDFs"
"RS-15-24","15","2","2","multiple watt values detected across PDFs"
"RS-15-3.3","9.9","2","2","multiple watt values detected across PDFs"
"RS-15-48","15.024","2","2","multiple watt values detected across PDFs"
"RS-15-5","15","2","2","multiple watt values detected across PDFs"
"RS-25-12","25.2","1","1",""
"RS-25-15","25.5","1","1",""
"RS-25-24","26.4","1","1",""
"RS-25-3.3","19.8","1","1",""
"RS-25-48","27.36","1","1",""
"RS-25-5","25","1","1",""
"RS-35-12","36","1","1",""
"RS-35-15","36","1","1",""
"RS-35-24","36","1","1",""
"RS-35-3.3","23.1","1","1",""
"RS-35-48","38.4","1","1",""
"RS-35-5","35","1","1",""
"RS-50-12","50.4","1","1",""
"RS-50-15","51","1","1",""
"RS-50-24","52.8","1","1",""
"RS-50-3.3","33","1","1",""
"RS-50-48","52.8","1","1",""
"RS-50-5","50","1","1",""
"RS-75-12","72","1","1",""
"RS-75-15","75","1","1",""
"RS-75-24","76.8","1","1",""
"RS-75-3.3","49.5","1","1",""
"RS-75-48","76.8","1","1",""
"RS-75-5","60","1","1",""
"RSD-100B-12","100.8","1","1",""
"RSD-100B-24","100.8","1","1",""
"RSD-100B-5","100","1","1",""
"RSD-100C-12","100.8","1","1",""
"RSD-100C-24","100.8","1","1",""
"RSD-100C-5","100","1","1",""
"RSD-100D-12","100.8","1","1",""
"RSD-100D-24","100.8","1","1",""
"RSD-100D-5","100","1","1",""
"RSD-150B-12","150","1","1",""
"RSD-150B-24","151.2","1","1",""
"RSD-150B-5","150","1","1",""
"RSD-150C-12","150","1","1",""
"RSD-150C-24","151.2","1","1",""
"RSD-150C-5","150","1","1",""
"RSD-150D-12","150","1","1",""
"RSD-150D-24","151.2","1","1",""
"RSD-150D-5","150","1","1",""
"RSD-200B-12","200.4","1","1",""
"RSD-200B-24","201.6","1","1",""
"RSD-200B-48","201.6","1","1",""
"RSD-200C-12","200.4","1","1",""
"RSD-200C-24","201.6","1","1",""
"RSD-200C-48","201.6","1","1",""
"RSD-200D-12","200.4","1","1",""
"RSD-200D-24","201.6","1","1",""
"RSD-200D-48","201.6","1","1",""
"RSD-300B-12","270","1","1",""
"RSD-300B-24","271.2","1","1",""
"RSD-300B-48","273.6","1","1",""
"RSD-300B-5","210","1","1",""
"RSD-300C-12","300","1","1",""
"RSD-300C-24","300","1","1",""
"RSD-300C-48","302.4","1","1",""
"RSD-300C-5","210","1","1",""
"RSD-30G-12","30","1","1",""
"RSD-30G-24","30","1","1",""
"RSD-30G-3.3","19.8","1","1",""
"RSD-30G-5","30","1","1",""
"RSD-30L-12","30","1","1",""
"RSD-30L-24","30","1","1",""
"RSD-30L-3.3","19.8","1","1",""
"RSD-30L-5","30","1","1",""
"RSD-500B-12","420","1","1",""
"RSD-500B-24","420","1","1",""
"RSD-500B-48","422.4","1","1",""
"RSD-500C-12","420","1","1",""
"RSD-500C-24","460.8","1","1",""
"RSD-500C-48","460.8","1","1",""
"RSD-500D-12","420","1","1",""
"RSD-500D-24","499.2","1","1",""
"RSD-500D-48","499.2","1","1",""
"RSD-60G-12","60","1","1",""
"RSD-60G-24","60","1","1",""
"RSD-60G-3.3","39.6","1","1",""
"RSD-60G-5","60","1","1",""
"RSD-60L-12","60","1","1",""
"RSD-60L-24","60","1","1",""
"RSD-60L-3.3","39.6","1","1",""
"RSD-60L-5","60","1","1",""
"RSDH-150","120","1","1",""
"RSDH-300","240","1","1",""
"RSDW08","8","1","1",""
"RSDW08,RDDW08","8","1","1",""
"RSDW10","10","2","2","multiple watt values detected across PDFs"
"RSDW20","20","1","1",""
"RSDW20UW","20","1","1",""
"RSDW40","40","1","1",""
"RSDW60","60","1","1",""
"RSP-100-12","102","1","1",""
"RSP-100-13.5","101.25","1","1",""
"RSP-100-15","100.5","1","1",""
"RSP-100-24","100.8","1","1",""
"RSP-100-27","102.6","1","1",""
"RSP-100-3.3","66","1","1",""
"RSP-100-48","100.8","1","1",""
"RSP-100-5","100","1","1",""
"RSP-100-7.5","101.25","1","1",""
"RSP-200-12","200.4","1","1",""
"RSP-200-2.5","100","1","1",""
"RSP-200-3.3","132","1","1",""
"RSP-200-4","160","1","1",""
"RSP-200-5","200","1","1",""
"RSP-200-7.5","200.25","1","1",""
"RSP-320-12","320.4","1","1",""
"RSP-320-2.5","150","1","1",""
"RSP-320-3.3","198","1","1",""
"RSP-320-4","240","1","1",""
"RSP-320-5","300","1","1",""
"RSP-320-7.5","300","1","1",""
"RSP-500-12","500.4","1","1",""
"RSP-500-24","504","1","1",""
"RSP-500-27","502.2","1","1",""
"RSP-500-3.3","297","1","1",""
"RSP-500-4","360","1","1",""
"RSP-500-48","504","1","1",""
"RSP-500-5","450","1","1",""
"RSP-750-12","750","1","1",""
"RSP-750-15","750","1","1",""
"RSP-750-24","751.2","1","1",""
"RSP-750-27","750.6","1","1",""
"RSP-750-48","753.6","1","1",""
"RSP-750-5","500","1","1",""
"RSP-75-12","75.6","1","1",""
"RSP-75-13.5","75.6","1","1",""
"RSP-75-15","75","1","1",""
"RSP-75-24","76.8","1","1",""
"RSP-75-27","75.6","1","1",""
"RSP-75-3.3","49.5","1","1",""
"RSP-75-48","76.8","1","1",""
"RSP-75-5","75","1","1",""
"RSP-75-7.5","75","1","1",""
"RT-125A","131","1","1",""
"RT-125B","132","1","1",""
"RT-125C","132.5","1","1",""
"RT-125D","136","1","1",""
"RT-50A","46.5","1","1",""
"RT-50B","50","1","1",""
"RT-50C","50","1","1",""
"RT-50D","51","1","1",""
"RT-65A","66.1","1","1",""
"RT-65B","64.6","1","1",""
"RT-65C","65.5","1","1",""
"RT-65D","68","1","1",""
"RT-85A","84.5","1","1",""
"RT-85B","88","1","1",""
"RT-85C","87.5","1","1",""
"RT-85D","90","1","1",""
"SBP-001","0.5","1","1",""
"SBTN01","1","1","1",""
"SBTN01-N","1","1","1",""
"SCP-35-12","35.9","1","1",""
"SCP-50","49.7","1","1",""
"SCP-75","74.5","1","1",""
"SCW08A-05","8","1","1",""
"SCW08A-12","8","1","1",""
"SCW08A-15","8","1","1",""
"SCW08B-05","8","1","1",""
"SCW08B-12","8","1","1",""
"SCW08B-15","8","1","1",""
"SCW08C-05","8","1","1",""
"SCW08C-12","8","1","1",""
"SCW08C-15","8","1","1",""
"SCW08W8","8","2","2","multiple watt values detected across PDFs"
"SCW12A-05","12","1","1",""
"SCW12A-12","12","1","1",""
"SCW12A-15","12","1","1",""
"SCW12B-05","12","1","1",""
"SCW12B-12","12","1","1",""
"SCW12B-15","12","1","1",""
"SCW12C-05","12","1","1",""
"SCW12C-12","12","1","1",""
"SCW12C-15","12","1","1",""
"SCW12W8","12","2","2","multiple watt values detected across PDFs"
"SCW20W8","20","1","1",""
"SCWN03","3","1","1",""
"SCWN03,DCWN03","3","1","1",""
"SCWN03W8","3","2","2","multiple watt values detected across PDFs"
"SCWN06","6","1","1",""
"SCWN06,DCWN06","6","1","1",""
"SCWN06W8","6","2","2","multiple watt values detected across PDFs"
"SD-1000H-12","720","1","1",""
"SD-1000H-24","960","1","1",""
"SD-1000H-48","1008","1","1",""
"SD-1000L-12","720","1","1",""
"SD-1000L-24","960","1","1",""
"SD-1000L-48","1008","1","1",""
"SD-100A-5","90","1","1",""
"SD-100B-5","100","1","1",""
"SD-100C-5","102","1","1",""
"SD-100D-5","100.8","1","1",""
"SD-15","15","1","1",""
"SD-150B-12","150","1","1",""
"SD-150C-12","151.2","1","1",""
"SD-25A-5","25","1","1",""
"SD-25B-5","25.2","1","1",""
"SD-25C-5","26.4","1","1",""
"SD-350","285","1","1",""
"SD-500H-12","480","1","1",""
"SD-500H-24","504","1","1",""
"SD-500H-48","504","1","1",""
"SD-500L-12","480","1","1",""
"SD-500L-24","504","1","1",""
"SD-500L-48","504","1","1",""
"SD-50A-5","50","1","1",""
"SD-50B-5","50.4","1","1",""
"SD-50C-5","50.4","1","1",""
"SDM30-12S3","16.5","1","1",""
"SDM30-24S3","25","1","1",""
"SDP-001","1","1","1",""
"SDR-120","120","1","1",""
"SDR-240","240","1","1",""
"SDR-480","480","1","1",""
"SDR-480P","480","1","1",""
"SDR-75","75.6","1","1",""
"SDR-960","960","1","1",""
"SE-1000-12","999.6","1","1",""
"SE-1000-15","1000.5","1","1",""
"SE-1000-24","1000.8","1","1",""
"SE-1000-48","998.4","1","1",""
"SE-1000-5","750","1","1",""
"SE-1000-9","900","1","1",""
"SE-1500-12","1500","1","1",""
"SE-1500-15","1500","1","1",""
"SE-1500-24","1500","1","1",""
"SE-1500-27","1501.2","1","1",""
"SE-1500-48","1502.4","1","1",""
"SE-1500-5","1500","1","1",""
"SE-450-12","450","1","1",""
"SE-450-15","450","1","1",""
"SE-450-24","451.2","1","1",""
"SE-450-3.3","247.5","1","1",""
"SE-450-36","450","1","1",""
"SE-450-48","451.2","1","1",""
"SE-450-5","375","1","1",""
"SE-600","500","1","1",""
"SFTN01","1","1","1",""
"SFTN01-N","1","1","1",""
"SFTN02","2","1","1",""
"SFTN02-N","2","1","1",""
"SIP4","2","2","2","multiple watt values detected across PDFs"
"SKA20A-05","20","1","1",""
"SKA20A-12","20","1","1",""
"SKA20A-15","20","1","1",""
"SKA20B-05","20","1","1",""
"SKA20B-12","20","1","1",""
"SKA20B-15","20","1","1",""
"SKA20C-05","20","1","1",""
"SKA20C-12","20","1","1",""
"SKA20C-15","20","1","1",""
"SKA40A-05","35","1","1",""
"SKA40B-05","40","1","1",""
"SKA40C-05","40","1","1",""
"SKA60A-05","60","1","1",""
"SKA60A-12","60","1","1",""
"SKA60A-15","60","1","1",""
"SKA60B-05","60","1","1",""
"SKA60B-12","60","1","1",""
"SKA60B-15","60","1","1",""
"SKA60C-05","60","1","1",""
"SKA60C-12","60","1","1",""
"SKA60C-15","60","1","1",""
"SKE10A-","10","1","1",""
"SKE10B-","10","1","1",""
"SKE10C-","10","1","1",""
"SKE15A-","15","1","1",""
"SKE15B-","15","1","1",""
"SKE15C-","15","1","1",""
"SKM10","10","1","1",""
"SKM10,DKM10","10","1","1",""
"SKM30-XXN/DKM30-XXN)","30","3","3","multiple watt values detected across PDFs"
"SKM30-XXNST/DKM30-XXNST)","30","3","3","multiple watt values detected across PDFs"
"SKM50B-05","50","1","1",""
"SKM50B-12","50","1","1",""
"SKM50B-15","50","1","1",""
"SKM50C-05","50","1","1",""
"SKM50C-12","50","1","1",""
"SKM50C-15","50","1","1",""
"SKMW15","15","1","1",""
"SKMW20","20","1","1",""
"SKMW20,DKMW20","20","1","1",""
"SKMW30","30","1","1",""
"SKMW30,DKMW30","30","1","1",""
"SKMW40","40","1","1",""
"SLC03","3","1","1",""
"SLC03,DLC03","3","1","1",""
"SLW05A-","5","1","1",""
"SLW05B-","5","1","1",""
"SLW05C-","5","1","1",""
"SMA01L-05","1","1","1",""
"SMA01L-09","1","1","1",""
"SMA01M-05","1","1","1",""
"SMA01M-09","1","1","1",""
"SMA01N-05","1","1","1",""
"SMA01N-09","1","1","1",""
"SMU01L-05","1","1","1",""
"SMU01L-09","1","1","1",""
"SMU01M-05","1","1","1",""
"SMU01M-09","1","1","1",""
"SMU01N-05","1","1","1",""
"SMU01N-09","1","1","1",""
"SMU02L-05","2","1","1",""
"SMU02L-12","2","1","1",""
"SMU02L-15","2","1","1",""
"SMU02M-05","2","1","1",""
"SMU02M-12","2","1","1",""
"SMU02M-15","2","1","1",""
"SMU02N-05","2","1","1",""
"SMU02N-12","2","1","1",""
"SMU02N-15","2","1","1",""
"SPA01A-05","1","1","1",""
"SPA01A-12","1","1","1",""
"SPA01A-15","1","1","1",""
"SPA01B-05","1","1","1",""
"SPA01B-12","1","1","1",""
"SPA01B-15","1","1","1",""
"SPA01C-05","1","1","1",""
"SPA01C-12","1","1","1",""
"SPA01C-15","1","1","1",""
"SPA01W8","1","2","2","multiple watt values detected across PDFs"
"SPAN02","2","1","1",""
"SPAN02,DPAN02","2","1","1",""
"SPAN02W8","2","2","2","multiple watt values detected across PDFs"
"SPB09","9","1","1",""
"SPB09,DPB09","9","1","1",""
"SPB09W8","9","2","2","multiple watt values detected across PDFs"
"SPBW03","3","1","1",""
"SPBW03,DPBW03","3","1","1",""
"SPBW03W8","3","2","2","multiple watt values detected across PDFs"
"SPBW06","6","2","2","multiple watt values detected across PDFs"
"SPBW06W8","6","2","2","multiple watt values detected across PDFs"
"SPD-10S-277S","10","1","1",""
"SPD-20-240P","20","1","1",""
"SPD-20-277P","20","1","1",""
"SPOL-01","1","1","1",""
"SPOL-12","12","1","1",""
"SPRN01","1","1","1",""
"SPRN01,DPRN01","1","1","1",""
"SPU01","1","1","1",""
"SPU01,DPU01","1","1","1",""
"SPU03L-05","3","1","1",""
"SPU03L-12","3","1","1",""
"SPU03L-15","3","1","1",""
"SPU03M-05","3","1","1",""
"SPU03M-12","3","1","1",""
"SPU03M-15","3","1","1",""
"SPU03N-05","3","1","1",""
"SPU03N-12","3","1","1",""
"SPU03N-15","3","1","1",""
"SPV-150","150","1","1",""
"SPV-300","300","1","1",""
"SR-332","63","1","1",""
"SRS-0505","0.5","1","1",""
"SRS-0509","0.5","1","1",""
"SRS-1205","0.5","1","1",""
"SRS-1209","0.5","1","1",""
"SRS-2405","0.5","1","1",""
"SRS-2409","0.5","1","1",""
"SRS-4805","0.5","1","1",""
"SRS-4809","0.5","1","1",""
"SUS01L-05","1","1","1",""
"SUS01L-09","1","1","1",""
"SUS01M-05","1","1","1",""
"SUS01M-09","1","1","1",""
"SUS01N-05","1","1","1",""
"SUS01N-09","1","1","1",""
"SUS01O-05","1","1","1",""
"SUS01O-09","1","1","1",""
"TC004","150","5","5","multiple watt values detected across PDFs"
"TDR-240","240","1","1",""
"TDR-480","480","1","1",""
"TDR-960","960","1","1",""
"TKA30A-B","25","1","1",""
"TKA30A-C","25","1","1",""
"TKA30B-B","25","1","1",""
"TKA30B-C","25","1","1",""
"TKA30C-B","25","1","1",""
"TKA30C-C","25","1","1",""
"TN-1500-112","1500","1","1",""
"TN-1500-124","1500","1","1",""
"TN-1500-148","1500","1","1",""
"TN-1500-212","1500","1","1",""
"TN-1500-224","1500","1","1",""
"TN-1500-248","1500","1","1",""
"TN-3000-112","3000","1","1",""
"TN-3000-124","3000","1","1",""
"TN-3000-148","3000","1","1",""
"TN-3000-212","3000","1","1",""
"TN-3000-224","3000","1","1",""
"TN-3000-248","3000","1","1",""
"TPTC004","3200","93","93","multiple watt values detected across PDFs"
"UHP-200A-4.2","168","2","2","multiple watt values detected across PDFs"
"UHP-200A-4.5","180","2","2","multiple watt values detected across PDFs"
"UHP-200A-5","200","2","2","multiple watt values detected across PDFs"
"UL62368","150","5","5","multiple watt values detected across PDFs"
"UL62368-1","3200","65","65","multiple watt values detected across PDFs"
"VOLTAGE(12V","750","3","3","multiple watt values detected across PDFs"
"VOLTAGE(24V","750","3","3","multiple watt values detected across PDFs"
"VOLTAGE(48V","750","3","3","multiple watt values detected across PDFs"
"WDR-120","120","1","1",""
"WDR-240","240","1","1",""
"WDR-480","480","1","1",""
"X1","20","17","17","multiple watt values detected across PDFs"
"X11MM","0.1","1","1",""
"X5.5","0.1","1","1",""
"XDR-120-XX)","0","1","1",""
"XDR-120-XXLA)","0","1","1",""
"XDR-120-XXPI)","0","1","1",""
"XDR-240-XX)","0","1","1",""
"XDR-240-XXLA)","0","1","1",""
"XDR-240-XXPI)","0","1","1",""
"XDR-480E","480","1","1",""
"XDR-480-XX)","0","1","1",""
"XDR-480-XXLA)","0","1","1",""
"XDR-480-XXPI)","0","1","1",""
"XDR-75-XX)","75","1","1",""
"XDR-75-XXLA)","75","1","1",""
"XDR-75-XXPI)","75","1","1",""
"XDR-960-XX)","0","1","1",""
"XDR-960-XXLA)","0","1","1",""
"XDR-960-XXPI)","0","1","1",""
"XLC-25","25","1","1",""
"XLC-25-KN","25","1","1",""
"XLC-25-MA","25","1","1",""
"XLC-40","40","1","1",""
"XLC-40-KN","40","1","1",""
"XLC-40-MA","40","1","1",""
"XLC-60","60","1","1",""
"XLC-60-KN","60","1","1",""
"XLC-60-MA","60","1","1",""
"XLN-25","25","1","1",""
"XLN-40","40","1","1",""
"XLN-60","60","1","1",""
"XTR-240-XX)","240","1","1",""
"XTR-240-XXLA)","240","1","1",""
"XTR-240-XXPI)","240","1","1",""
"XTR-480-XX)","480","1","1",""
"XTR-480-XXLA)","480","1","1",""
"XTR-480-XXPI)","480","1","1",""
"XTR-960-XX)","960","1","1",""
"XTR-960-XXLA)","960","1","1",""
"XTR-960-XXPI)","960","1","1",""
